08de;???
18f8;[Maxxter]
1c87;2N TELEKOMUNIKACE a.s.
1630;2Wire, Inc.
08c8;2Wire, Inc.
6891;3Com
a727;3Com
0506;3Com Corp.
256f;3Dconnexion
05bc;3G Green Green Globe Co., Ltd
0e35;3Pea Technologies, Inc.
189f;3Shape A/S
29e8;4Links Limited
1737;802.11g Adapter [Linksys WUSB54GC v3]
3171;8086 Consultancy
2dc8;8BitDo
228d;8D Technologies inc.
125f;A-DATA Technology Co., Ltd.
13d1;A-Max Technology Macao Commercial Offshore Co. Ltd.
0874;A-Tec Subsystem, Inc.
059c;A-Trend Technology Co., Ltd
1afe;A. Eberle GmbH & Co. KG
0dbc;A&D Medical
09da;A4Tech Co., Ltd.
0fb9;AACom Corp.
06d6;Aashima Technology B.V.
1a61;Abbott Diabetes Care
1ba6;Abilis Systems
1419;ABILITY ENTERPRISE CO., LTD.
0ec1;Abit Computer Corp.
0794;ABL Electronics Corp.
07b8;AboCom Systems Inc
0678;ACard Technology Corp.
04e4;ACC Microelectronics
1ca0;ACCARIO Inc.
1605;ACCES I/O Products, Inc.
8070;ACCES I/O Products, Inc.
0fed;Access Co., Ltd
0db5;Access IS
0dd0;Access Solutions
083a;Accton Technology Corp.
0460;Ace Cad Enterprise Co., Ltd
4766;Aceeca
049c;Acer Advanced Labs, Inc.
1189;Acer Communications & Multimedia
0967;Acer NeWeb Corp.
04a5;Acer Peripherals Inc. (now BenQ Corp.)
066e;Acer Semiconductor America, Inc.
0502;Acer, Inc.
042e;Acer, Inc.
1cb3;Aces Electronic Co., Ltd.
0f13;Acetek Technology Co., Ltd
1990;Acron Precision Industrial Co., Ltd.
24ff;Acroname Inc.
0f62;Acrox Technologies Co., Ltd
1a34;ACRUX
0c6a;ACS
061c;Act Labs, Ltd
0515;ACTC
1514;Actel
1a41;Action Electronics Co., Ltd.
0835;Action Star Enterprise Co., Ltd
1de1;Actions Microelectronics Co.
10d6;Actions Semiconductor Co., Ltd
2101;ActionStar
0684;Actiontec Electronics, Inc.
1668;Actiontec Electronics, Inc. [hex]
09c4;ACTiSYS Corp.
0e5a;Active Co., Ltd
0e5a;Active Co., Ltd
0854;ActiveWire, Inc.
0647;Acton Research Corp.
239a;Adafruit
03f3;Adaptec, Inc.
1c21;ADDMM LLC
09df;Addonics Technologies Corp.
0bf6;Addonics Technologies, Inc.
087c;Adesso/Kbtek America, Inc.
0422;ADI Systems, Inc.
0976;Adirondack Wire & Cable
0b63;ADLink Technology, Inc.
07a6;ADMtek, Inc.
0459;Adobe Systems, Inc.
0627;Adomax Technology Co., Ltd
1cd4;adp corporation
06e1;ADS Technologies, Inc.
0e9b;ADTEC Corp.
0e98;Advanced Analogic Technologies, Inc.
072f;Advanced Card Systems, Ltd
0522;Advanced Connectek, Inc.
17a5;Advanced Connection Technology Inc.
0b89;Advanced Digital Broadcast, Ltd
0428;Advanced Gravis Computer Tech, Ltd
059d;Advanced Input Devices
0438;Advanced Micro Devices, Inc.
0479;Advanced Peripheral Laboratories
2149;Advanced Silicon S.A.
0d67;Advanet, Inc.
1809;Advantech
3334;AEI
0476;AESP
2443;Aessent Technology Ltd
0659;Aethra
1b80;Afatech
15a4;Afatech Technologies, Inc.
2576;AFO Co., Ltd.
0c08;Agate
21d6;Agecodagis SARL
0d4e;Agere Systems Netherland BV
047e;Agere Systems, Inc. (Lucent)
06bd;AGFA-Gevaert NV
326d;Agile Display Solutions Co., Ltd
0957;Agilent Technologies, Inc.
c502;AGPTek
0ef1;Aichi Micro Intelligent Corp.
1633;AIM GmbH
09dc;Aimex Corp.
12fd;AIN Comm. Technology Co., Ltd
08ca;Aiptek International, Inc.
0fe2;Air Techniques
0521;Airborn Connectors
1e8e;Airbus Defence and Space
162a;Airgo Networks Inc.
0f3d;Airprime, Incorporated
0d33;AirSpeak, Inc.
1eda;AirTies Wireless Networks
124a;AirVast
0667;Aiwa Co., Ltd
0677;Aiwa Co., Ltd
0a2c;AK-Modul-Bus Computer GmbH
09e8;AKAI Professional M.I. Corp.
0a89;Aktiv
0529;Aladdin Knowledge Systems
24dc;Aladdin R.D.
0620;Alaris, Inc.
0910;Alation Systems, Inc.
11f7;Alcatel (?)
06e4;Alcatel Microelectronics
0533;Alcatel Mobile Phones
06b9;Alcatel Telecom
3200;Alcatel-Lucent Enterprise
1914;Alco Digital Devices Limited
058f;Alcor Micro Corp.
1c13;ALECTRONIC LIMITED
1f84;Alere, Inc.
13dc;ALEREON, INC.
13b2;Alesis
079d;Alfadata Computer Corp.
0c4a;ALGE-TIMING GmbH
0402;ALi Corp.
187c;Alienware Corporation
1f6f;Aliph
07e6;Allied Cable Corp.
069f;Allied Data Technologies BV
0caa;Allied Telesis KK.
07c9;Allied Telesyn International
1ab2;Allied Vision
0ae3;Allion Computer, Inc.
1570;ALLTOP TECHNOLOGY CO., LTD.
1f3a;Allwinner Technology
114d;Alpha Imaging Technology Corp.
1d14;ALPHA-SAT TECHNOLOGY LIMITED
081e;AlphaSmart, Inc.
1c98;ALPINE ELECTRONICS, INC.
044e;Alps Electric Co., Ltd
048c;Alps Electric Ireland, Ltd
0433;Alps Electric, Inc.
04d2;Altec Lansing Technologies
143c;Altek Corporation
09fb;Altera
0799;Altera
1b8c;Altium Limited
09b3;Altius Solutions, Inc.
0527;ALTRA
0f55;AmbiCom, Inc.
07e1;Ambient Technologies, Inc.
2aec;Ambiq Micro, Inc.
0bb2;Ambit Microsystems Corp.
104c;AMCO TEC International, Inc.
06be;AME Optimedia Technology Co., Ltd
0587;America Kotobuki Electronics Industries, Inc.
0929;American Biometric Co.
0d7e;American Computer & Digital Components
046b;American Megatrends, Inc.
0530;American Microsystems, Inc.
051d;American Power Conversion
0ee2;AMI Semiconductor, Inc.
0e0b;Amigo Technology Inc.
18c5;AMIT Technology, Inc.
0729;Amitm
1b8e;Amlogic, Inc.
1614;Amoi Electronics
0464;AMP/Tycoelectronics Corp.
0cca;Amphenol
1a25;Amphenol East Asia Ltd.
1ce1;Amphenol KAE
1325;ams AG
1c73;AMT
1ecb;AMTelecom
0774;AmTRAN Technology Co., Ltd
2520;ANA-U GmbH
1110;Analog Devices Canada, Ltd (Allied Telesyn)
0456;Analog Devices, Inc.
064b;Analog Devices, Inc. (White Mountain DSP)
0555;ANAM S&T Co., Ltd
0605;Anchor C&C Co., Ltd
0547;Anchor Chips, Inc.
0d6b;And-Or Logic
0d2f;Andamiro
1cfc;ANDES TECHNOLOGY CORPORATION
136e;Andor Technology Ltd.
08a8;Andrea Electronics
0bd7;Andrew Pargeter & Associates
a128;AnMo Electronics Corp. / Dino-Lite (?)
a168;AnMo Electronics Corporation
04ed;Annabooks
1cd6;Antonio Precise Products Manufactory Ltd.
10fd;Anubis Electronics, Ltd
16d5;AnyDATA Corporation
0040;Anyware Corporation
05f6;AOC International
0fff;Aopen, Inc.
0fff;Aopen, Inc.
1005;Apacer Technology, Inc.
224f;APDM
07c5;APG Cash Drawer
ab12;aplic
0e96;Aplux Communications, Ltd
0c60;Apogee Electronics Corp.
125c;Apogee Inc.
0c05;Appian Graphics
05ac;Apple, Inc.
0c8f;Applied Microsystems
0984;Apricorn
1ad4;APS
0880;APT Technologies, Inc.
07d2;Aptio Products, Inc.
12d8;Araneus Information Systems Oy
07da;Arasan Chip Systems
142b;Arbiter Systems, Inc.
05a3;ARC International
25c4;ARCAM
0e79;Archos, Inc.
0e79;Archos, Inc.
2341;Arduino SA
09f5;AresCom
25a7;Areson Technology Corp
0840;Argosy Research, Inc.
1b52;ARH Inc.
0706;Ariel Corp.
113c;Arin Tech Co., Ltd
126c;Aristocrat Technologies
071e;Ariston Technologies
18ec;Arkmicro Technologies Inc.
6547;Arkmicro Technologies Inc.
107d;Arlec Australia, Ltd
1776;Arowana
0d14;Array Comm, Inc.
09c1;Arris Interactive LLC
0ab0;Arrow Strong Electronics Co., Ltd
1707;ARTIMI
1c75;Arturia
2626;Aruba Networks
0556;Asahi Kasei Microsystems Co., Ltd
0b49;ASCII Corp.
0cae;Ascom Business Systems, Ltd
0d8b;Ascom Telecommunications, Ltd
0d40;Ascor, Inc.
2433;ASETEK
0b95;ASIX Electronics Corp.
a600;ASIX s.r.o.
0d55;ASKA Technologies, Inc.
069a;Askey Computer Corp.
1690;Askey Computer Corp. [hex]
174c;ASMedia Technology Inc.
2245;Aspeed Technology, Inc.
2ecc;ASR Microelectronics
1849;ASRock Incorporation
2554;ASSA ABLOY AB
0bbc;Assistive Technology, Inc.
0418;AST Research
9886;Astro Gaming
0b7d;Astrodesign, Inc.
0d0c;Astron Electronics Co., Ltd
1c8e;ASTRON INTERNATIONAL CORP.
1d27;ASUS
0486;ASUS Computers, Inc.
0735;Asuscom Network
2821;ASUSTek Computer Inc.
0b05;ASUSTek Computer, Inc.
1761;ASUSTek Computer, Inc. (wrong ID)
178e;ASUSTek Computer, Inc. (wrong ID)
06f9;ASYST electronic d.o.o.
0467;AT&T Paradyne
11b0;ATECH FLASH TECHNOLOGY
0523;ATEN GmbH
0557;ATEN International Co., Ltd
1b72;ATERGI TECHNOLOGY CO., LTD.
0dc3;Athena Smartcard Solutions, Inc.
168c;Atheros Communications
1787;ATI AIB
0528;ATI Technologies, Inc.
0fa4;ATL Technology
1029;Atlantic Coast Telesys
03eb;Atmel Corp.
14af;ATP Electronics Inc.
1c82;Atracsys
f4ec;Atten Electronics / Siglent Technologies
060d;Auctor Corp.
0b99;Audio International, Inc.
0909;Audio-Technica Corp.
2912;Audioengine
21b4;AudioQuest
09bf;Auerswald GmbH & Co. KG
0755;Aureal Semiconductor
10de;Authenex, Inc.
08ff;AuthenTec, Inc.
1c37;Authorizer Technologies, Inc.
12c4;Autocue Group Ltd
100a;AV Chaseway, Ltd
192f;Avago Technologies, Pte.
0d9e;Avaya
05ef;AVB, Inc. [anko?]
1871;Aveo Technology Corp.
2574;AVer Information, Inc.
50c2;Averatec (?)
07ca;AVerMedia Technologies, Inc.
052d;Avid Electronics Corp.
0b0f;AVID Technology
0638;Avision, Inc.
1bc5;AVIXE Technology (China) Ltd.
0d56;AVLAB Technology, Inc.
057c;AVM GmbH
170d;Avnera
0624;Avocent Corp.
0412;Award Software International
0ec3;Axell Co., Ltd
1726;Axesstel, Inc.
05d9;Axiohm Transaction Solutions
0792;Axis Communications AB
1400;Axxion Group Corp.
0509;Aztech Systems, Ltd
19b5;B & W Group
07c8;B.U.G., Inc.
0856;B&B Electronics
0af7;B2C2, Inc.
0ca5;BAE Systems Canada, Inc.
0576;BAFO/Quality Computer Accessories
0ec4;Ballracing Developments, Ltd
13ad;Baltech
1a8d;BandRich, Inc.
0cd4;Bang Olufsen
1166;Bantam Interactive Technologies
0600;Barco Display Systems
2707;Bardac Corporation
2a6e;Bare Conductive
2080;Barnes & Noble
0aa9;Baromtec Co.
097f;Barun Electronics Co., Ltd
2555;Basis Science Inc.
2676;Basler AG
19b2;Batronix
09f9;Bay Associates
1a79;Bayer Health Care LLC
0de0;BD Consumer Healthcare
0de0;BD Consumer Healthcare
07a4;Be, Inc.
198f;Beceem Communications Inc.
0978;Beckhoff GmbH
046e;Behavior Tech. Computer Corp.
6000;Beholder International Ltd.
1397;BEHRINGER International GmbH
255e;Beijing Bonxeon Technology Co., Ltd.
3037;Beijing Chushifengmang Technology Development Co.,Ltd.
0b57;Beijing HanwangTechnology Co., Ltd
31c9;BeiJing LanXum Computer Technology Co., Ltd.
1bc0;Beijing Senseshield Technology Co.,Ltd.
7373;Beijing STONE Technology Co. Ltd.
2feb;Beijing Veikk E-Commerce Co., Ltd.
126d;Bel Stewart
15ec;Belcarra Technologies Corp.
1241;Belkin
050d;Belkin Components
1293;Belkin Components [hex]
1a08;Bellwood International, Inc.
199f;Benica Corporation
0a6e;Benwin
0c98;Berkshire Products, Inc.
03da;Bernd Walter Computer Technology
9849;Bestmedia CD Recordable GmbH & Co. KG
11c0;Betop
12d7;BETTER WIRE FACTORY CO., LTD.
1bd5;BG Systems, Inc.
23a0;BIFIT
19a8;Biforst Technology Inc.
146b;BigBen Interactive
0c56;Billion Bright, Ltd
08dd;Billionton Systems, Inc.
0614;Bio-Rad Laboratories
097e;Biopac Systems Inc.
04fb;Biostar Microtech International Corp.
5986;Bison Electronics Inc.
25dd;Bit4id Srl
0e5c;Bitland Information Technology Co., Ltd
2366;Bitmanufaktur GmbH
0964;BITRAN
1520;Bitwire Corp.
0fbb;Bitwise Systems, Inc.
1a36;Biwin Technology Ltd.
1504;Bixolon CO LTD
1168;BizConn International Corp.
06c4;Bizlink International Corp.
1edb;Blackmagic design
27d4;Blackstar Amplification Limited
1188;Bloomberg L.P.
b58e;Blue Microphones
2458;Bluegiga Technologies
30a4;Blues Wireless
1706;BlueView Technologies, Inc.
1b0e;BLUTRONICS S.r.l.
09ca;BMC Messsysteme GmbH
0d13;BMF Corp.
1054;BMS International Beheer N.V.
0885;Boca Research, Inc.
0a43;Boca Systems, Inc.
1ccd;Bodatong Technology (Shenzhen) Co., Ltd.
19ab;Bodelin
0085;Boeye Technology Co., Ltd.
05a7;Bose Corp.
06fd;Boston Acoustics
3016;Boundary Devices, LLC
1402;Bowe Bell & Howell
0e2e;Brady Worldwide, Inc.
1234;Brain Actuated Technologies
05d1;Brainboxes, Ltd
0c9c;Brand Innovators BV
0607;Bridge Information Co., Ltd
1108;Brightcom Technologies, Ltd
0599;Brilliance Semiconductor, Inc.
078e;Brincom, Inc.
0a5c;Broadcom Corp.
4317;Broadcom Corp.
0827;BroadLogic, Inc.
0cc9;BroadMAX Technologies, Inc.
2162;Broadxent (Creative Labs)
04ea;Brooktree Corp.
04f9;Brother Industries, Ltd
29e7;Brunel University
25bb;Brunner Elektronik AG
0956;BSquare Corp.
0411;BUFFALO INC. (formerly MelCo., Inc.)
0caf;Buslink
0517;Butterfly Communications
0703;Bvtech Industry, Inc.
19d1;BYD
0a93;C Technologies AB
074c;C-C-C Group PLC
0d8c;C-Media Electronics, Inc.
1032;C-One Technology Corp.
1d17;C-Thru Music Ltd.
0e92;C's Glory Enterprise Co., Ltd
0783;C3PO
0985;cab Produkttechnik GmbH & Co KG
050b;Cable System International
094d;Cable Television Laboratories
10e1;CablePlus, Ltd
10aa;Cables To Go
cace;CACE Technologies Inc.
0b69;CacheVision
0559;Cadence Design Systems, Inc.
27c0;Cadwell Laboratories, Inc.
08fa;Caere
1f28;Cal-Comp
0538;Caldera International, Inc. (SCO)
0dd5;California Micro Devices
22e8;Cambridge Audio
0a12;Cambridge Silicon Radio, Ltd
2cd9;Cambrionix Ltd
0768;Camtel Technology Corp.
29f1;Canaan Creative Co., Ltd
2087;Cando
0a90;Candy Technology Co., Ltd
07bc;Canon Computer Systems, Inc.
2c4f;Canon Electronic Business Machines Co., Ltd.
1083;Canon Electronics, Inc.
1736;CANON IMAGING SYSTEM TECHNOLOGIES INC.
052c;Canon Information Systems, Inc.
04a9;Canon, Inc.
05f0;Canopus Co., Ltd
0491;Capetronic
0498;Capetronic (Kaohsiung) Corp.
c216;Card Device Expert Co., LTD
2685;Cardo Peripheral Systems LTD
0758;Carl Zeiss Microscopy GmbH
07cc;Carry Computer Eng., Co., Ltd
0f0c;CAS Corp.
07cf;Casio Computer Co., Ltd
1967;CASIO HITACHI Mobile Communications Co., Ltd.
0ca6;Castles Technology Co., Ltd
0968;Catalyst Enterprises, Inc.
044c;CCL/ITRI
08ee;CCSI/Hesso
f3f0;CCT, Inc
1065;CCYU Technology
154a;Celectronic GmbH
0cb6;Celestix Networks, Pte., Ltd
19b4;Celestron
1b26;Cellex Power Products, Inc.
0cf5;Cellink Co., Ltd
1733;Cellink Technology Co., Ltd
112f;Cellon International, Inc.
09b5;Celltrix Technology Co., Ltd
211f;CELOT Corporation
0ea8;CenDyne, Inc.
0723;Centillium Communications Corp.
0cf9;Central System Research Co., Ltd
07f7;Century Corp.
0a22;Century Semiconductor USA, Inc.
0796;Certicom Corp.
0c8e;Cesscom Co., Ltd
10f8;Cesys GmbH
068e;CH Products, Inc.
8e06;CH Products, Inc.
24c0;Chaney Instrument
0c62;Chant Sincere Co., Ltd
1b5a;Chao Zhou Kai Yuan Electric Co., Ltd.
073a;Chaplet Systems, Inc.
0d9c;Chee Chen Hi-Technology Co., Ltd
2123;Cheeky Dream
09e9;Chen-Source, Inc.
05c8;Cheng Uei Precision Industry Co., Ltd (Foxlink)
1c49;Cherng Weei Technology Corp.
046a;CHERRY
0a81;Chesen Electronics Corp.
1518;Cheshire Engineering Corp.
0ff7;CHI SHING Computer Accessories Co., Ltd
05fe;Chic Technology Corp.
0472;Chicony Electronics Co., Ltd
04f2;Chicony Electronics Co., Ltd
105f;Chin Shong Enterprise Co., Ltd
1677;China Huada Integrated Circuit Design (Group) Co., Ltd. (CIDC Group)
1a2c;China Resource Semico Co., Ltd
1ba8;China Telecommunication Technology Labs
0e82;Ching Tai Electric Wire & Cable Co., Ltd
11a0;Chipcon AS
1230;Chipidea-Microelectronica, S.A.
0b9f;Chippo Technologies
0420;Chips and Technologies
1e3d;Chipsbank Microelectronics Co., Ltd
0204;Chipsbank Microelectronics Co., Ltd
1976;Chipsbrand Microelectronics (HK) Co., Ltd.
164a;ChipX
108a;Chloride Power Protection
108a;Chloride Power Protection
245f;Chord Electronics Limited
100b;Chou Chin Industrial Co., Ltd
100b;Chou Chin Industrial Co., Ltd
0a69;Chroma ate, Inc.
04ab;Chromatic Research
0639;Chrontel, Inc.
0f31;Chrysalis Development
1044;Chu Yuen Enterprise Co., Ltd
0db4;Chung Fu Chen Yeh Enterprise Corp.
0698;Chuntex (CTX)
050a;Cinch Connectors
07f6;Circuit Assembly Corp.
0488;Cirque Corp.
0429;Cirrus Logic
06d4;Cisco Systems
05a6;Cisco Systems, Inc.
1d90;Citizen
2730;Citizen
1343;Citizen Systems
08bd;Citizen Watch Co., Ltd
09ce;City Electronics, Ltd
0574;City University of Hong Kong
0508;Clarion Co., Ltd
0cf8;Clarisys, Inc.
a88a;Clas Ohlsson
0ffc;Clavia DMI AB
0ffc;Clavia DMI AB
20a0;Clay Logic
0a66;ClearCube Technology
5332;Clearly Superior Technologies, Inc.
1e41;Cleverscope
0d50;Cleware GmbH
166a;Clipsal
ba77;Clockmaker
28f3;Clover Network, Inc.
0003;Club Mac
0453;CMD Technology
7104;CME (Central Music Co.)
16d8;CMOTECH Co., Ltd.
2000;CMX Systems
1f0c;CMX Systems
1371;CNet Technology Inc.
0653;CNF, Inc.
0c8c;Coactive Networks
0d18;coaXmedia
1e74;Coby Electronics Corporation
07c0;Code Mercenaries Hard- und Software GmbH
27bd;Codethink Ltd.
2818;Codex Digital Limited
0d4d;Coherent, Inc.
0959;Cologne Chip AG
0b52;Colorado MicroDisplay, Inc.
085c;ColorVision, Inc.
09d3;Com One
05ec;COM21, Inc.
0a68;Comaide Corp.
1031;Comax Technology, Inc.
0777;Comda Enterprise Corp.
0b51;Comfort Keyboard Co.
0c09;Comjet Information System
1519;Comneon
10b5;Comodo (PLX?)
070d;Comoss Electronic Co., Ltd
04b7;Compal Electronics, Inc.
049f;Compaq Computer Corp.
1183;Compaq Computer Corp. [hex] (Digital Dream ??)
05f1;Compass Communications
1055;Complex Micro Interconnection Co., Ltd
185b;Compro
0cf6;Compucable Corp.
0958;CompuLink Research, Inc.
1516;CompUSA
0423;Computer Access Technology Corp.
0a4c;Computex Co., Ltd
0b73;Computone Corp.
0551;CompuTrend Systems, Inc.
0879;Comtrol Corp.
2fc6;Comtrue Inc.
0ee3;ComTrue Technology Corp.
0c67;Concept Telecom, Ltd
17a4;Concept2
0bb0;Concord Camera Corp.
106e;ConectL
0572;Conexant Systems (Rockwell), Inc.
1af1;Connect One Ltd.
0710;Connect Tech, Inc.
154d;ConnectCounty Holdings Berhad
0478;Connectix Corp.
1aef;Conntech Electronic (Suzhou) Corporation
fc08;Conrad Electronic SE
1bce;Contac Cable Industrial Limited
06ce;Contec
09a4;Contech Research, Inc.
0dd1;Contek Electronics Co., Ltd
0d0b;Contemporary Controls
0b33;Contour Design, Inc.
135f;Control Development Inc.
3036;Control iD
0e5e;Conwise Technology Co., Ltd.
2516;Cooler Master Co., Ltd.
0791;Copartner Wire and Cable Mfg. Corp.
2226;Copper Mountain technologies
0a6f;Core Technology, Inc.
0ff6;Core Valley Co., Ltd
07aa;Corega K.K.
0b5a;Corel Corp.
636c;CoreLogic, Inc.
08f0;Corex Technologies
17eb;Cornice, Inc.
2bd6;Coroware, Inc.
1b1c;Corsair
0610;Costar Electronics, Inc.
15d5;Coulomb Electronics Ltd.
1264;Covidien Energy-based Devices
0e21;Cowon Systems, Inc.
237d;Cradlepoint
041e;Creative Technology, Ltd
1660;Creatix Polymedia GmbH
052a;Crescent Heart Software
0932;Crescentec Corp.
0e1b;Crewave
0544;Cristie Electronics, Ltd
080b;Cross Match Technologies
0feb;CRS Electronic Co., Ltd
0c94;Cryptera
046f;Crystal Semiconductor
0852;CSEM
0d5f;CSI, Inc.
0f08;CSL Wire & Plug (Shen Zhen) Co.
18a4;CSSN
08f1;CTI Electronics Corp.
14ad;CTK Corporation
1136;CTS Electronincs
055e;CTX Opto-Electronics Corp.
1e4e;Cubeternet
0dab;Cubig Group
0afe;Cummins Engine Co.
324c;CUPRIS Ltd.
106c;Curitel Communications, Inc.
1b27;Current Electronics Inc.
049b;Curtis Computer Products
2405;Custom Computer Services, Inc
0dd4;Custom Engineering SPA
0f97;CviLux Corp.
1ff7;CVT Electronics.Co.,Ltd
08a9;CWAV Inc.
0764;Cyber Power System, Inc.
0f98;CyberBank Corp.
0c17;Cyberboard A/S
07d3;Cyberdata Corp.
0c19;cyberPIXIE, Inc.
1142;CyberScan Technologies, Inc.
129b;CyberTAN Technology
0a0b;Cybex Computer Products Co.
0b66;Cybiko Inc.
0665;Cypress Semiconductor
04b4;Cypress Semiconductor Corp.
0633;Cyrix Corp.
05ee;Cytechinfo Inc.
15c9;D-Box Technologies
2001;D-Link Corp.
07d1;D-Link System
0eef;D-WAV Scientific Co., Ltd
041b;d'TV
154e;D&M Holdings, Inc. (Denon/Marantz)
154e;D&M Holdings, Inc. (Denon/Marantz)
06d1;Daewoo Electronics Co., Ltd
04f0;Daewoo Electronics Co., Ltd
04aa;DaeWoo Telecom, Ltd
0d35;Dah Kun Co., Ltd
1452;Dai Nippon Printing, Inc
1dd3;Dajc Inc.
04fa;Dallas Semiconductor
1970;Dane-Elec Corp. USA
0da0;Danger Research
2002;DAP Technologies
0d62;Darfon Electronics Corp.
03ea;Data Broadcasting Corp.
1aa4;Data Drive Thru, Inc.
0ada;Data Encryption Systems Ltd.
19b9;Data Robotics
0826;Data Transit
0867;Data Translation, Inc.
09a7;Data Transmission Network Corp.
0a27;Datacard Group
07c4;Datafab Systems, Inc.
0974;Datagraphix, a business unit of Anacomp
080c;Datalogic S.p.A.
0b0b;Datamax-O'Neil
1228;Datapaq Limited
0fc6;Dataplus Supplies, Inc.
1c78;Datascope Corp.
109a;DATASOFT Systems GmbH
1c1a;Datel Electronics Ltd.
0ddd;Datelink Technology Co., Ltd
0a46;Davicom Semiconductor, Inc.
07df;David Electronics Co., Ltd
07d0;Dazzle
056b;Decicon, Inc.
2fad;Definium Technologies
1297;DekTec
0fc5;Delcom Engineering
105d;Delkin Devices, Inc.
047c;Dell Computer Corp.
413c;Dell Computer Corp.
1685;Delock
1163;DeLorme Publishing, Inc.
1fbd;Delphin Technology AG
05dd;Delta Electronics, Inc.
1436;Denali Software, Inc.
0580;Denron, Inc.
1014;Densitron Technologies PLC
076d;Denso Corp.
23b4;Dental Wings Inc.
1233;Denver Electronics
0c38;Der An Electric Wire & Cable Co., Ltd
1fba;DERMALOG Identification Systems GmbH
1ad1;Desay Wire Co., Ltd.
2003;detectomat
086c;DeTeWe - Deutsche Telephonwerke AG & Co.
0c78;Detto Corp.
2018;Deutsche Telekom AG
0aa4;Develco Elektronik
28d4;Devialet
1039;devolo AG
1d19;Dexatek Technology Ltd.
12cf;DEXIN
05f2;Dexin Corp., Ltd
0f73;DFI
0450;DFI, Inc.
2a88;DFU Technology Ltd
2dcf;Dialog Semiconductor
05b5;Dialogic Corp.
14e1;Dialogue Technology Corp.
07de;Diamond Multimedia
0a5d;Diatrend Corp.
10b8;DiBcom
0554;Dictaphone Corp.
03f4;Diebold, Inc.
134e;Digby's Bitpile, Inc. DBA D Bit
04d0;Digi International
05c5;Digi International, Inc.
08fd;Digianswer A/S
07a1;Digicom S.p.A.
0dba;Digidesign
0dba;Digidesign
1443;Digilent
2375;Digit@lway, Inc.
04a0;Digital Equipment Corp.
074e;Digital Stream Corp.
0eee;Digital Stream Technology, Inc.
0513;digital-X, Inc.
05ba;DigitalPersona, Inc.
2735;DigitalWay
0aaf;Digitalway Co., Ltd
1210;DigiTech
161c;Digitech Systems
268b;Dimension Engineering
10bc;Dinging Technology Co., Ltd
0892;DioGraphy, Inc.
0abf;Diolan
0f69;Dionex Corp.
1d1f;Diostech Co., Ltd.
0b9b;Dipl.-Ing. Stefan Kunde
0fd5;Direct Access Technology, Inc.
0829;DirecTV Broadband, Inc. (Telocity)
226e;DISPLAX
17e9;DisplayLink
3579;DIVA
06a5;Divio
2ca3;DJI Technology Co., Ltd.
0afa;DMC Co., Ltd.
0042;DMT
2a03;dog hunter AG
0d87;Dolby Laboratories Inc.
2c1a;Dolphin Peripherals
071b;Domain Technologies, Inc.
0be5;DOME imaging systems, Inc.
0ccc;Domex Technology Corp.
0be6;Dong Guan Humen Wonderful Wire Cable Factory
0c59;Dong Guan Shinko Wire Co., Ltd
16ac;Dongguan ChingLung Wire & Cable Co., Ltd.
1b86;Dongguan Guanshang Electronics Co., Ltd.
1975;Dongguan Guneetal Wire & Cable Co., Ltd.
0f53;Dongguan White Horse Cable Factory, Ltd
04ad;Dooin Electronics
8ea3;Doosl
07f9;Dotop Technology, Inc.
07eb;Double-H Technology Co., Ltd
0f7c;DQ Technology, Inc.
289b;Dracal/Raphnet technologies
0079;DragonRise Inc.
0675;DrayTek Corp.
07fa;DrayTek Corp.
1d34;Dream Cheeky
1941;Dream Link
1cf1;Dresden Elektronik
1395;DSEA A/S
0ef4;DSI Datotech
1487;DSP Group, Ltd.
0b50;Dumpries Co., Ltd
0c0b;Dura Micro, Inc. (Acomdata)
0449;Duta Multi Robotik
0fe9;DVICO
0d64;DXG Technology Corp.
fa11;DyingLight
0922;Dymo-CoStar Corp.
1a89;Dynalith Systems Co., Ltd.
12f5;Dynamic System Electronics Corp.
0650;Dynapro Systems
0fcf;Dynastream Innovations, Inc.
19ff;Dynex
0c36;E Ink Corp.
04ff;E-CMOS Corp.
2560;e-con Systems
0cf1;e-Conn Electronic Co., Ltd
0edf;e-MDT Co., Ltd
1b8d;e-MOVE Technology Co., Ltd.
0c37;e.Digital
12b9;E28
18b4;e3C Technologies
08a5;e9, Inc.
232e;EA Elektro-Automatik GmbH & Co. KG
0d4f;EADS Airbus France
1ef6;EADS Deutschland GmbH
3125;Eagletron
0c35;Eagletron, Inc.
0ffd;EarlySense
0a5b;EAsics NV
1060;Easthome Industrial Co., Ltd
1101;EasyPass Industrial Co., Ltd
18cd;Ecamm
0920;Echelon Co.
040f;Echo Speech Corp.
0bc9;ECI Telecom, Ltd
06bb;EDA, Inc.
7392;Edimax Technology Co., Ltd
1ce0;EDIMAX TECHNOLOGY CO., LTD.
09f7;Edu-Science (H.K.), Ltd
060c;EEH Datalink GmbH
067c;Efficient Networks, Inc.
1aa6;eFortune Technology Corp.
8341;EGO Systems, Inc.
0a92;EGO SYStems, Inc.
071d;Eicon Networks Corp.
048f;Eicon Tech.
0bb9;Eiger M&C Co., Ltd
056d;EIZO Corp.
0440;Eizo Nanao Corp.
04f3;Elan Microelectronics Corp.
0d10;Elastic Networks
09d8;ELATEC GmbH
0db7;ELCON Systemtechnik
0db7;ELCON Systemtechnik
056e;Elecom Co., Ltd
26b5;Electrocompaniet
21a4;Electronic Arts Inc.
0b1e;Electronic Warfare Assoc., Inc. (EWA)
0a5a;Electronics For Imaging, Inc.
2650;Electronics For Imaging, Inc. [hex]
09cf;Electronics Testing Center, Taiwan
05e2;ElecVision, Inc.
25bf;Elegant Invention
07cd;Elektor
1935;Elektron Music Machines
0fd9;Elgato Systems GmbH
2fe7;ELGIN S.A.
0819;eLicenser
03fc;Elitegroup Computer Systems
1019;Elitegroup Computer Systems (ECS)
0be4;Elka International, Ltd
0b85;Elkat Electronics, Sdn., Bhd.
1500;Ellisys
0aba;Ellisys
0c40;ELMCU
07e2;Elmeg GmbH & Co., Ltd
04e7;Elo TouchSystems
0577;ELSA
05cc;ELSA AG
1484;Elsa AG [hex]
1c29;Elster GmbH
18ef;ELV Elektronik AG
0e93;eM Technics Co., Ltd
086a;Emagic Soft- und Hardware GmbH
0b72;Embedded Wireless Technology Co., Ltd
1ba4;Ember Corporation
06f2;Emine Technology Co.
0c65;Eminence Enterprise Co., Ltd
21a1;Emotiv Systems Pty. Ltd.
084f;Empeg
eb1a;eMPIA Technology, Inc.
12d6;EMS Dr. Thomas Wuensche
4670;EMS Production
0cc4;emsys GmbH
6557;Emtec
2a4b;EMULEX Corporation
1009;Emuzed, Inc.
203d;Encore Electronics Inc.
0eb7;Endor AG
03e8;EndPoints, Inc.
1524;ENE Technology Inc
0cf2;ENE Technology, Inc.
1756;ENENSYS Technologies
1b47;Energizer Holdings, Inc.
0f0e;Energy Full Corp.
2544;Energy Micro AS
1274;Ensoniq
1645;Entrega [hex]
066d;Entrega, Inc.
132a;Envara Inc.
132a;Envara Inc.
5555;Epiphan Systems Inc.
0fa7;Epox Computer Co., Ltd
0570;Epson America
03f8;Epson Imaging Technology Center
1b1f;eQ-3 Entwicklung GmbH
10cb;Eratech
042a;Ericsson Austrian, AG
0bdb;Ericsson Business Mobile Networks BV
0442;Ericsson, Inc.
08ea;Ericsson, Inc., Blue Ridge Labs
2573;ESI Audiotechnik GmbH
109f;eSOL Co., Ltd
0495;ESS Technology, Inc.
0d7f;Essential Reality LLC
0664;ET&T Technology Co., Ltd.
056c;eTEK Labs
102c;Etoms Electronics Corp.
2500;Ettus Research LLC
22b9;eTurboTouch Technology, Inc.
073d;Eutron S.p.a.
148e;EVATRONIX SA
1b12;Eventide
0749;EVer Electronics Corp.
1147;Ever Great Electric Wire and Cable Co., Ltd
080a;Evermuch Technology Co., Ltd
1897;Evertop Wire Cable Co.
0f49;Evolis SA
2d81;Evollve Inc.
1a7c;Evoluent
0a4d;Evolution Electronics, Ltd
04e2;Exar Corp.
070e;Excel Cell Electronic Co., Ltd
11ab;Exito Electronics Co., Ltd
0b65;Expert Magnetics Corp.
0b86;Exputer Systems, Inc.
08e9;Extended Systems, Inc.
1456;Extending Wire & Cable Co., Ltd.
1bf5;Extranet Systems Inc.
0bc6;ExWAY, Inc.
35d7;EyeLogic GmbH
0518;EzKEY Corp.
1c40;EZPrototypes
2256;Faderfox
0b67;Fairbanks Scales
2ae5;Fairphone B.V.
3767;Fanatec
0906;Faraday Technology Corp.
03fe;Farallon Comunications
09b0;Fargo
12ff;Fascinating Electronics, Inc.
0850;Fast Point Technologies, Inc.
0514;FCI Electronics
1702;FDI-MATELEC
1934;Feature Integration Technology Inc. (Fintek)
0ab1;FEIG ELECTRONIC GmbH
096e;Feitian Technologies, Inc.
09dd;Fellowes, Inc.
1ed8;FENDER MUSICAL INSTRUMENTS CORPORATION
0d0f;Feng Shin Cable Co., Ltd
1e29;Festo AG & Co. KG
05eb;FFC, Ltd
0ed5;Fiberbyte
1582;Fiberline
2125;Fiberpro Inc.
2cb7;Fibocom
1508;Fibocom
2972;FiiO Electronics Technology
0863;Filanet Corp.
18fd;FineArch Inc.
0f18;Finger Lakes Instrumentation
0e97;Fingerworks, Inc.
1cd5;Firecomms Ltd.
0c00;FireFly Mouse Mat
04a2;FirePower Systems
0dc7;First Cable Line, Inc.
05b1;First International Computer, Inc.
1509;First International Computer, Inc.
1457;First International Computer, Inc.
0aa5;First International Digital
2765;Firstbeat Technologies, Ltd.
2687;Fitbit Inc.
2687;Fitbit Inc.
0d3e;Fitcom, inc.
18e3;Fitipower Integrated Technology Inc
1923;FitLinxx
0585;FlashPoint Technology, Inc.
25b5;FlatFrog
0f24;Flex-P Industries, Snd., Bhd.
1cfd;Flextronics Digital Design Japan, LTD.
09cb;FLIR Systems
0f7e;Fluke Corp.
0cb0;Flying Pig Systems
2a62;Flymaster Avionics
1306;FM20 Barcode Scanner
ffee;FNK Tech
1235;Focusrite-Novation
0cf4;Fomtex Corp.
063d;Fong Kai Industrial Co., Ltd
1451;Force Dimension
1bc4;Ford Motor Co.
147a;Formosa Industrial Computing, Inc.
1cbf;FORTAT SKYMARK INDUSTRIAL COMPANY
04d5;Forte Technologies, Inc.
22a7;Fortinet Technologies
077c;Forward Electronics Co., Ltd
0e67;Fossil, Inc.
05b0;Fountain Technologies, Inc.
0489;Foxconn / Hon Hai
105b;Foxconn International, Inc.
06dc;Foxlink Image Technology Co., Ltd
2466;Fractal Audio Systems
0437;Framatome Connectors USA
09b2;Franklin Electronic Publishers, Inc.
1fac;Franklin Wireless
234b;Free Software Initiative of Japan
07ab;Freecom Technologies
0f4e;Freedom Scientific
15a2;Freescale Semiconductor, Inc.
1d5c;Fresco Logic
1b73;Fresco Logic
0d63;Fritz Gegauf AG
165b;Frontier Design Group
16d3;Frontline Test Equipment, Inc.
0001;Fry's Electronics
05e5;Fuji Electric Co., Ltd
1c20;Fuji Electric Device Technology Co., Ltd.
05a2;Fuji Film Microdevices Co., Ltd
04cb;Fuji Photo Film Co., Ltd
0550;Fuji Xerox Co., Ltd
1eab;Fujian Newland Computer Co., Ltd
0501;Fujikura DDK, Ltd
0430;Fujitsu Component Limited
087e;Fujitsu Computer Products of America
30ee;Fujitsu Connected Technologies Limited
090f;Fujitsu Devices, Inc.
06ac;Fujitsu Laboratories of America, Inc.
0a4b;Fujitsu Media Devices, Ltd
054a;Fujitsu Microelectronics, Inc.
0407;Fujitsu Personal Systems, Inc.
0bf8;Fujitsu Siemens Computers
08d4;Fujitsu Siemens Computers
0406;Fujitsu-ICL Computers
04f5;Fujitsu-ICL Systems, Inc.
04c5;Fujitsu, Ltd
2fb2;Fujitsu, Ltd
1010;Fukuda Denshi Co., Ltd
0d42;Full Der Co., Ltd
0def;Full Rise Electronic Co., Ltd
0f1c;Funai Electric Co., Ltd
1404;Fundamental Software, Inc.
0c3a;Furui Precise Component (Kunshan) Co., Ltd
1b71;Fushicai
1491;Futronic Technology Co. Ltd.
19c2;Futuba
0616;Future Techno Designs PVT, Ltd
0e95;Future Technology Co., Ltd
0403;Future Technology Devices International, Ltd
16f5;Futurelogic Inc.
04f8;FuturePlus Systems
0bc1;Fuw Yng Electronics Co., Ltd
2207;Fuzhou Rockchip Electronics Company
1f4d;G-Tek Electronics Group
0dc0;G7 Solutions (formerly Great Notions)
09ff;Gain Technology Corp.
06fe;Gallant Computer, Inc.
19fa;Gampaq Co.Ltd
049a;Gandalf Technologies, Ltd
091e;Garmin International
107b;Gateway, Inc.
0443;Gateway, Inc.
10cc;GBM Connector Co., Ltd
0825;GC Protronics
07d7;GCC Technologies, Inc.
1076;GCT Semiconductor, Inc.
28e9;GDMicroelectronics
1901;GE Healthcare
05d0;GE Medical Systems Lunar
0b38;Gear Head
15aa;Gearway Electronics (Dong Guan) Co., Ltd.
08e6;Gemalto (was Gemplus)
1e2d;Gemalto M2M GmbH
1908;GEMBIRD
12bd;Gembird
23c7;Gemini
14c2;Gemlight Computer, Ltd
0993;Gemstar eBook Group, Ltd
15a9;Gemtek
1743;General Atomics
1b1e;General Imaging / General Electric
0bbb;General Meters Corp.
1b3f;Generalplus Technology Inc.
0dfc;GeneralTouch Technology Co., Ltd
1209;Generic
05e3;Genesys Logic, Inc.
0f2e;Geniality Maple Technology Co., Ltd
0809;Genicom Technology, Inc.
03f1;Genoa Technology
09c0;Genpix Electronics, LLC
0608;Genrad Ads
9148;GeoLab, Ltd
1c4b;Geratherm Medical AG
1753;GERTEC Telecomunicacoes Ltda.
0e0c;Gesytec
0fd1;Giant Electronics Ltd.
1059;Giesecke & Devrient GmbH
0414;Giga-Byte Technology Co., Ltd
1667;GIGA-TMS INC.
116e;Gigastorage Corp.
0a39;Gilat Satellite Networks, Ltd
0cc1;Given Imaging, Ltd
16ab;Global Sun Technology
0d8e;Global Sun Technology, Inc.
1a6e;Global Unichip Corp.
083f;Global Village
053b;Global Village Communication
11aa;GlobalMedia Group, LLC
0915;GlobeSpan, Inc.
0a91;Globlink Technology, Inc.
0656;Glory Mark Electronic, Ltd
0c54;Glory, Ltd
0e7e;Gmate, Inc.
16f0;GN Hearing A/S
0b0e;GN Netcom
1684;Godspeed Computer Corp.
09f3;GoFlight, Inc.
0921;GoHubs, Inc.
1680;Golden Bridge Electech Inc.
0690;Golden Bridge Electech, Inc.
0732;Goldfull Electronics & Telecommunications Corp.
1c1f;Goldvish S.A.
1631;Good Way Technology
065f;Good Way Technology Co., Ltd & GWC technology Inc.
18d1;Google Inc.
4255;GoPro
2672;GoPro
08f2;Gotop Information Inc.
5654;Gotview
2a13;Grabba International
108b;Grand-tek Technology Co., Ltd
99fa;Grandtec
5032;Grandtec
0797;Grandtech Semiconductor Corp.
0654;Granite Microsystems, Inc.
0d4b;Grape Systems, Inc.
0b4d;Graphtec America, Inc.
0bfb;Grass Valley Group
06ad;Greatland Electronics Taiwan, Ltd
062b;Greatlink Electronics Taiwan, Ltd
0b5f;Green Electronics Co., Ltd
0e1e;Green Hills Software
0e1e;Green Hills Software
0a6b;Green House Co., Ltd
0e8f;GreenAsia Inc.
0fe5;Greenconn (U.S.A.), Inc.
0971;Gretag-Macbeth AG
05bb;Grey Cell Systems
17b3;Grey Innovation
077d;Griffin Technology
09bc;Grundig
0ec5;GT Information System Co., Ltd
078c;GTCO/CalComp
13d7;Guidance Software, Inc.
06f8;Guillemot Corp.
0f78;Guntermann & Drunck GmbH
0579;GVC Corp.
4757;GW Instek
2184;GW Instek
1831;Gwo Jinn Industries Co., Ltd.
0c16;Gyration, Inc.
1852;GYROCOM C&C Co., LTD
1f48;H-TRONIC GmbH
0d80;H.R. Silvine Electronics, Inc.
06c5;Hagenuk, GmbH
0693;Hagiwara Sys-Com Co., Ltd
201e;Haier
a466;Haikou Xingong Electronics Co.,Ltd
0b41;Hal Corp.
f766;Hama
147f;Hama GmbH & Co., KG
0af9;Hama, Inc.
0661;Hamamatsu Photonics K.K.
1d0b;HAN HUA CABLE & WIRE TECHNOLOGY (J.X.) CO., LTD.
0536;Hand Held Products (Welch Allyn, Inc.)
082d;Handspring
15f4;HanfTek
0c1c;Hang Zhou Silan Electronics Co., Ltd
1bd0;Hangzhou Riyue Electronic Co., Ltd.
0218;Hangzhou Worlde
2cc0;Hangzhou Zero Zero Infinity Technology Co., Ltd.
0d19;Hank Connection Industrial Co., Ltd
0887;Hannstar Electronics Corp.
0d12;Hansol Electronics, Inc.
20b3;Hanvon
0c9a;Hanwool Robotics Corp.
078b;Happ Controls, Inc.
8301;Hapurs
05fc;Harman
0931;Harmonic Data Systems, Ltd
1bad;Harmonix Music
19a5;HARRIS Corp.
04f4;Harting Elektronik, Inc.
06af;Harting, Inc. of North America
0c06;Hasbro Games, Inc.
2e0e;Hatteland Display AS
2040;Hauppauge
0fb0;Haurtian Wire & Cable Co., Ltd
0e66;Hawking Technologies
0504;Hayes Microcomputer Products
0673;HCL
0943;HCL Technologies India Private, Ltd
0e30;HeartMath LLC
0e30;HeartMath LLC
0fb6;Heber Ltd
0a18;Heidelberger Druckmaschinen AG
06de;Heisei Electronics Co., Ltd
13ea;Hengstler
f003;Hewlett Packard
09d7;Hexagon NovAtel Inc.
0d16;Hi-Touch Imaging Technologies Co., Ltd
09c3;HID Global
1aed;High Top Precision Electronic Co., Ltd.
0c0a;Highpoint Technologies, Inc.
0dd9;HighSpeed Surfing
04b6;Hint Corp.
17cf;Hip Hing Cable & Plug Mfy. Ltd.
3111;Hiperscan GmbH
0d71;Hirakawa Hewtech Corp.
0a47;Hirose Electric
10a0;Hirotech, Inc.
109b;Hisense
0d73;Hit's Communications, Inc.
0503;Hitachi America, Ltd
0ef0;Hitachi Cable, Ltd
0858;Hitachi Maxell, Ltd
0bb8;Hitachi Semiconductor and Devices Sales Co., Ltd
0cd9;Hitachi Shin Din Cable, Ltd
0b37;Hitachi ULSI Systems Co., Ltd
1696;Hitachi Video and Information System, Inc.
1696;Hitachi Video and Information System, Inc.
045b;Hitachi, Ltd
04a4;Hitachi, Ltd
0640;Hitex Development Tools
2e04;HMD Global
0d53;HMI Co., Ltd
067d;Hohner Corp.
0d54;Holon Corp.
1a81;Holtek Semiconductor, Inc.
1243;Holtek Semiconductor, Inc.
04d9;Holtek Semiconductor, Inc.
0c89;Honda Tsushin Kogyo Co., Ltd
12ab;Honey Bee Electronic International Ltd.
10ac;Honeywell, Inc.
105c;Hong Ji Electric Wire & Cable (Dongguan) Co., Ltd
1c89;HONGKONG WEIDIDA ELECTRON LIMITED
0f0d;Hori Co., Ltd
0507;Hosiden Corp.
10d1;Hottinger Baldwin Measurement
03f0;HP, Inc
06fa;HSD S.r.L
0e72;Hsi-Chin Electronics Co., Ltd
1056;Hsin Chen Ent Co., Ltd
0bb4;HTC (High Tech Computer Corp.)
0a19;Hua Geng Technologies, Inc.
0512;Hualon Microelectronics Corp.
04dc;Huan Hsin Holdings, Ltd
214b;Huasheng Electronics
29e2;Huatune Technology (Shanghai) Co., Ltd.
12d1;Huawei Technologies Co., Ltd.
1472;Huawei-3Com
120e;Hudson Soft Co., Ltd
069d;Hughes Network Systems (HNS)
273f;Hughski Limited
256c;Huion
1c27;HuiYang D & S Cable Co., Ltd.
1832;Huizhou Shenghua Industrial Co., Ltd.
675d;Humanscale
1c71;Humanware Inc
0ead;Humax Co., Ltd
02ad;HUMAX Co., Ltd.
0d0e;Hybrid Networks, Inc.
15dc;Hynix Semiconductor Inc.
1025;Hyper-Paltek
2e24;Hyperkin
2ccf;Hypersecu
1951;Hyperstone AG
04db;Hypertec Pty, Ltd
238b;Hytera Communications
0f9c;Hyun Won, Inc.
0435;Hyundai Electronics America
0ac5;I & C Corp.
0b11;I Tech Solutions Co., Ltd
40bb;I-O Data
04bb;I-O Data Device, Inc.
4101;i-rocks
5219;I-Tetra
06ef;I.A.C. Geometrische Ingenieurs B.V.
13dd;i.Tech Dynamic Limited
0a48;I/O Interconnect
0ef2;I/O Magic Corp.
0942;i2Go.com, LLC
04b3;IBM Corp.
0127;IBP
0923;IC Media Corp.
1ae4;ic-design Reinhard Gottinger GmbH
05e8;ICC, Inc.
0aac;iCompression, Inc.
1d03;iCON
1043;iCreate Technologies Corp.
089d;Icron Technologies Corp.
0fe6;ICS Advent
1312;ICS Electronics
0acd;ID Tech
0b81;id3 Technologies
1cb6;IdeaCom Technology Inc.
1391;IdealTEK, Inc.
1fff;Ideofy Inc.
0a85;Idexx Labs
1409;IDS Imaging Development Systems GmbH
0c39;IFR
04e1;Iiyama North America, Inc.
1963;IK Multimedia
222a;ILI Technology Corp.
088e;iLok
1fde;ILX Lightwave Corporation
09eb;IM Networks, Inc.
149a;Imagination Technologies
0c57;Imaginative Design Operation Co., Ltd
0718;Imation Corp.
13d3;IMC Networks
1053;Immanuel Electronics Co., Ltd
0563;Immersion Corp.
07b1;IMP, Inc.
10f1;Importek
058c;In Focus Systems
05ab;In-System Design
0fe4;IN-Tech Electronics, Ltd
10df;In-Win Development, Inc.
0776;Inalways Corp.
0593;Incite
0fb1;Inclose Design, Inc.
08d9;Increment P Corp.
098d;INDesign
081b;Indigita Corp.
073c;Industrial Electronic Engineers, Inc.
19e8;Industrial Technology Research Institute
058b;Infineon Technologies
0bb1;Infinilink Corp.
0c07;Infinite Data Storage, Ltd
2fb0;Infocrypt
0ca7;Information Systems Laboratories
19b6;Infotech Logistic, LLC
102b;Infotronic America, Inc.
06c6;Infowave Software, Inc.
a108;Ingenic Semiconductor Co.,Ltd
601a;Ingenic Semiconductor Ltd.
0b00;INGENICO
0f14;Ingenico
26e2;Ingenieurbuero Dietzsch und Thiele, PartG
0002;Ingram
13fd;Initio Corporation
3333;InLine
11c5;Inmax
0c99;Innochips Co., Ltd
0c3d;Innocom, Inc.
1292;Innomedia
050c;InnoMedia, Inc.
1f75;Innostor Technology Corporation
093d;InnoSync, Inc.
042c;Innovative Semiconductors, Inc.
191c;Innovative Technology LTD
0ec6;InnoVISION Multimedia, Ltd
0cb1;Innovonics, Inc.
2bcc;InoTec GmbH Organisationssysteme
1028;Inovys Corp.
308f;Input Club
1c11;Input Club Inc.
2314;INQ Mobile
160e;INRO
160e;INRO
0648;Inside Out Networks
1608;Inside Out Networks [hex]
a014;Insignia (Best Buy)
135e;Insta GmbH
053c;Institut of Microelectronic & Mechatronic Systems
062c;Institute for Information Industry
0b1f;Insyde Software Corp.
10c6;Intec, Inc.
26bd;Integral Memory
113f;Integrated Biometrics, LLC
0dda;Integrated Circuit Solution, Inc.
0a6c;Integrated Circuit Systems, Inc.
0426;Integrated Device Technology, Inc.
098e;Integrated Intellectual Property, Inc.
08e8;Integrated Memory Logic
1131;Integrated System Solution Corp.
048d;Integrated Technology Express, Inc.
0996;Integrated Telecom Express, Inc.
03e7;Intel
8086;Intel Corp.
8087;Intel Corp.
042b;Intel Corp.
059e;Intelligent Instrumentation
0f6e;INTELLIGENT SYSTEMS
0ad0;Intellix Corp.
09e1;Intellon Corp.
8644;Intenso GmbG
05fd;InterAct, Inc.
0571;Interex, Inc.
0560;Interface Corp.
04df;Interlink Electronics
0cc6;Intermagic Corp.
067e;Intermec Technologies Corp.
0a70;International Game Technology
0a94;Intersense
09aa;Intersil Corp.
0713;Interval Research Corp.
0acf;Intoto, Inc.
0bf1;Intracom S.A.
093c;Intrepid Control Systems, Inc.
0578;Intrinsix Corp.
0537;Inventec Corp.
1e1f;INVIA
3636;InVibro
0cfa;Inviso, Inc.
2ce5;InX8 Inc [AKiTiO]
0dc4;inXtron, Inc.
051f;IO Systems (Elite Electronics), Inc.
0da7;IOGear, Inc.
0f21;IOI Technology Corp.
059b;Iomega Corp.
1c0c;Ionics EMS, Inc.
0622;Iotech, Inc.
1b3b;iPassion Technology Inc.
0b3a;IPaxess
0bc3;IPWireless, Inc.
0c15;Iris Graphics
2420;IRiver
4102;iRiver, Ltd.
1006;iRiver, Ltd.
1953;Ironkey Inc.
6615;IRTOUCHSYSTEMS Co. Ltd.
595a;IRTOUCHSYSTEMS Co. Ltd.
0cf7;ishoni Networks
16b4;iStation
2009;iStorage
348f;ISY
0431;Itac Systems, Inc.
0b7c;ITRAN Communications, Ltd
195d;Itron Technology iONE
04d1;ITT Canon
0d60;IVL Technologies, Ltd
03ec;Iwatsu America, Inc.
07ea;Iwatsu Electric Co., Ltd
0f1d;Iwill Corp.
08d8;IXXAT Automation GmbH
0e26;J-Phone East Co., Ltd
0e26;J-Phone East Co., Ltd
08b8;J. Gordon Electronic Design, Inc.
9ac4;J. Westhues
093e;J.S.T. Mfg. Co., Ltd
16d6;JABLOCOM s.r.o.
1797;JALCO CO., LTD.
14d8;JAMER INDUSTRIES CO., LTD.
0a8e;Japan Aviation Electronics Industry, Ltd
09ab;Japan Cash Machine Co., Ltd.
0aaa;Japan CBM Corp.
0d78;Japan Distributor Corp.
1145;Japan Radio Company
0940;Japan Storage Battery Co., Ltd
0b22;Japan System Development Co., Ltd
087d;Jaton Corp.
0601;Jazz Hipster Corp.
0bc5;JCN Co., Ltd
158e;JDS Uniphase Corporation (JDSU)
0604;Jean Co., Ltd
0a52;Jebsee Electronics Co., Ltd
0979;Jeilin Technology Corp., Ltd
0f30;Jess Technology Co., Ltd
0dbf;Jess-Link International
0dbf;Jess-Link International
0766;Jess-Link Products Co., Ltd
0c6c;JETI Technische Instrumente GmbH
076f;Jhen Vei Electronic Co., Ltd
064c;Ji-Haw Industrial Co., Ltd
e2b7;Jie Li
05af;Jing-Mold Enterprise Co., Ltd
1ba1;JINQ CHERN ENTERPRISE CO., LTD.
0dbe;Jiuh Shiuh Precision Industry Co., Ltd
0dbe;Jiuh Shiuh Precision Industry Co., Ltd
125d;JMicron
152d;JMicron Technology Corp. / JMicron USA Technology Corp.
0e16;JMTek, LLC
0c76;JMTek, LLC.
117e;JNC, Inc.
09e5;Jo-Dan International, Inc.
0c9b;Jobin Yvon, Inc.
1d0a;Johnson Controls, Inc. The Automotive Business Unit
060f;Joinsoon Electronics Mfg. Co., Ltd
2931;Jolla Oy
0bb7;Joytech Computer Co., Ltd
0cd8;JS Digitech, Inc.
0fb2;Juan-Chern Industrial Co., Ltd
08cd;Jue Hsun Ind. Corp.
0631;JUJO Electronics Corp.
0e48;Julia Corp., Ltd
0aff;Jump Zone Network Products, Inc.
138e;Jungo LTD
121e;Jungsoft Co., Ltd
2166;JVC Kenwood
13ca;JyeTai Precision Industrial Co., Ltd.
095c;K-Tec Electronics
24e3;K-Touch
11e6;K.I. Technology Co. Ltd.
17f5;K.K. Rocky
1b59;K.S. Terminals Inc.
184f;K2L GmbH
18d9;Kaba
1c77;Kaetat Industrial Co., Ltd.
13e1;Kaibo Wire & Cable (Shenzhen) Co., Ltd.
17a8;Kamstrup A/S
0be2;Kanda Tsushin Kogyo Co., Ltd
1e1d;Kanguru Solutions
0662;Kansai Electric Co., Ltd
1348;Katsuragawa Electric Co., Ltd.
3197;Katusha
0f54;Kawai Musical Instruments Mfg. Co., Ltd
05e9;Kawasaki LSI
05c1;Kawasaki Microelectronics, Inc.
084e;KB Gear
050f;KC Technology, Inc.
08f8;Keen Top International Enterprise Co., Ltd
2b24;KeepKey LLC
1aad;KeeTouch
05c0;Keil Software
c251;Keil Software, Inc.
8282;Keio
07c1;Keisokugiken
05e6;Keithley Instruments
133e;Kemper Digital GmbH
047d;Kensington
0b28;Kenwood Corp.
098f;Kenwood TMI Corp.
055a;Kenwood USA
0cbe;Keryx Technologies, Inc.
1a12;KES Co., Ltd.
157b;Ketron SRL
0674;Key Mouse Electronic Enterprise Co., Ltd
08c7;Key Nice Enterprise Co., Ltd
0f5f;Key Technology Corp.
0720;Keyence Corp.
2a8d;Keysight Technologies, Inc.
06cd;Keyspan
03f9;KeyTronic Corp.
2f76;KeyXentic Inc.
19db;KFI Printers
107f;KidzMouse, Inc.
0b3e;Kikusui Electronics Corp.
29ea;Kinesis Corporation
16df;King Billion Electronics Co., Ltd.
0d8a;King Jim Co., Ltd
1687;Kingmax Digital Inc.
07cb;Kingmax Technology, Inc.
0f8e;Kingnet Technology Co., Ltd
3057;Kingsis Corporation
1af3;Kingsis Technology Corporation
0951;Kingston Technology
0e56;Kingston Technology Company, Inc.
22cd;Kinova Robotics Inc.
1cac;Kinstone
2def;Kirale Technologies
0d65;KMJP Co., Ltd
0bc0;Knilink Technology, Inc.
055b;KnowledgeTek, Inc.
097b;Knudsen Engineering, Ltd
0f68;Kobe Steel, Ltd
0f68;Kobe Steel, Ltd
0d46;Kobil Systems GmbH
2237;Kobo Inc.
0dd7;Kocom Co., Ltd
040a;Kodak Co.
0564;Kodak Digital Product Center, Japan Ltd. (formerly Chinon Industries Inc.)
0acc;Koga Electronics Co.
0f37;Kokuyo Co., Ltd
0c3b;Komatsu, Ltd
165c;Kondo Kagaku
0bf2;Konexx
04c8;Konica Corp.
132b;Konica Minolta
056f;Korea Data Systems Co., Ltd
17d3;Korea Techtron Co., Ltd.
0944;KORG, Inc.
0832;Kouwell Electronics Corp.
1c02;Kreton Corporation
09d9;KRF Tech, Ltd
0948;Kronauer music in digital
2d25;Kronegger GmbH.
2116;KT Tech
15c8;KTF Technologies
076e;Kuan Tech Enterprise Co., Ltd
1598;Kunshan Guoji Electronics Co., Ltd.
0cc0;Kuon Yi Industrial Corp.
0bfd;Kvaser AB
eb2a;KWorld
10cd;Kycon, Inc.
0458;KYE Systems Corp. (Mouse Systems)
0482;Kyocera Corp.
1184;Kyocera Elco Corp.
0c88;Kyocera Wireless Corp.
0ed2;Kyoto Micro Computer Co., Ltd
1619;L & K Precision Technology Co., Ltd.
20f0;L3Harris Technologies
1949;Lab126, Inc.
0cd5;LabJack Corporation
15c6;Laboratoires MXM
07e8;Labsystems
1020;Labtec
0672;Labtec, Inc.
0747;Labway Corp.
059f;LaCie, Ltd
0b59;Lake Communications, Ltd
0925;Lakeview Research
0da2;Land Instruments International, Ltd
1c10;Lanterra Industrial Co., Ltd.
06d0;LapLink, Inc.
0734;Lasat Communications A/S
0897;Lauterbach
2cc2;Lautsprecher Teufel GmbH
0aa3;Lava Computer Mfg., Inc.
22d4;Laview Technology
041f;LCS Telegraphics
0f11;LD Didactic GmbH
0f23;Leader Tech Manufacturer Co., Ltd
0413;Leadtek Research, Inc.
1eaf;Leaflabs
3344;Leaguer Microelectronics (LME)
f182;Leap Motion
0f63;LeapFrog Enterprises
0ac4;Leco Corp.
05ff;LeCroy Corp.
2c97;Ledger
2b0e;LeEco
1b76;Legend Silicon Corp.
0694;Lego Group
1a98;Leica Camera AG
1711;Leica Microsystems
17ef;Lenovo
2006;LenovoMobile
1dd2;Leo Bodnar Electronics Ltd
0d32;Leo Hui Electric Wire & Cable Co., Ltd
06bf;Leoco Corp.
0c23;Lernout + Hauspie
197d;Leuze electronic
29c2;Lewitt GmbH
05dc;Lexar Media, Inc.
043d;Lexmark International, Inc.
152e;LG (HLDS)
043e;LG Electronics USA, Inc.
1004;LG Electronics, Inc.
05b4;LG Semicon Co., Ltd
0ec0;LHI Technology (China) Co., Ltd
12ba;Licensed by Sony Computer Entertainment America
10af;Liebert Corp.
2766;LifeScan
0dee;Lifetime Memory Products
6244;LightingSoft AG
0977;Lightsurf Technologies
1c7a;LighTuning Technology Inc.
0535;LIH TZU Electric Co., Ltd
0651;Likom Technology Sdn. Bhd.
09a8;Lin Shiung Enterprise Co., Ltd
12d3;LINAK
12d2;LINE TECH INDUSTRIAL CO., LTD.
0e41;Line6, Inc.
0b24;Link Evolution Corp.
3195;Link Instruments
13b1;Linksys
077b;Linksys
066b;Linksys, Inc.
094b;Linkup Systems Corp.
1d6b;Linux Foundation
0e23;Liou Yuane Enterprise Co., Ltd
2df2;LIPS Corporation
0a00;Liquid Audio
1ba2;Lite Metals & Plastic (Shenzhen) Co., Ltd.
0ecd;Lite-On IT Corp.
04ca;Lite-On Technology Corp.
08e5;Litronic
0623;Littelfuse, Inc.
0a4f;Litton Systems, Inc.
18dc;LKC Technologies, Inc.
04c4;Lockheed Martin Energy Research
08f6;Logic 3 International, Ltd
0fa8;Logic Controls, Inc.
0e6f;Logic3
1267;Logic3 / SpectraVideo plc
abcd;LogiLink
d904;LogiLink
0789;Logitec Corp.
046d;Logitech, Inc.
08ce;Long Well Electronics Corp.
0775;Longshine Electronics Corp.
0516;Longwell Electronics
0736;Lorom Industrial Co., Ltd
108e;Lotes Co., Ltd.
106a;Loyal Legend, Ltd
1191;Loyalty Founder Enterprise Co., Ltd
1c31;LS Cable Ltd.
04d4;LSI Logic, Inc.
0bee;LTK Industries, Ltd
0386;LTS
0f9e;Lucent Technologies
0445;Lucent Technologies, Inc.
1759;LucidPort Technology, Inc.
1a7b;Lumberg Connect GmbH & Co. KG
0939;Lumberg, Inc.
1fae;Lumidigm
25e3;Lumigon
1cbe;Luminary Micro Inc.
17b5;Lunatone
1c7b;LUXSHARE PRECISION INDUSTRY (SHENZHEN) CO., LTD.
30c9;Luxvisions Innotech Limited
0ef3;Lynn Products, Inc.
24cf;Lytro, Inc.
0763;M-Audio
08ec;M-Systems Flash Disk Pioneers
249c;M2Tech s.r.l.
1b8f;MA LABS, Inc.
0618;MacAlly
2222;MacAlly
08ae;Macally (Mace Group, Inc.)
0a73;Mackie Designs
08ac;Macraigor Systems LLC
0851;Macronix International Co., Ltd
534d;MacroSilicon
0738;Mad Catz, Inc.
0493;MAG Technology Co., Ltd
120f;Magellan
0711;Magic Control Technology Corp.
2c55;Magic Leap, Inc.
0c1f;Magicard
0801;MagTek
1d88;Mahr GmbH
062e;Mainsuper Enterprises Co., Ltd
eb03;MakingThings
0802;Mako Technologies, LLC
10d4;Man Boon Manufactory, Ltd
0e3b;Mansella, Ltd
081f;Manta
113d;Mapower Electronics Co., Ltd
07fd;Mark of the Unicorn
0f12;Mars Engineering Corp.
0d98;Mars Semiconductor Corp.
07b6;Marubun Corp.
097c;Marunix Co., Ltd
1286;Marvell Semiconductor, Inc.
9e88;Marvell Semiconductor, Inc.
0d7a;MARX Datentechnik GmbH
0d11;Maspro Denkoh Corp.
088b;MassWorks, Inc.
112e;Master Hill Electric Wire and Cable Co., Ltd
1a64;Mastervolt
164c;Matrix Vision GmbH
18ea;Matrox Graphics, Inc.
0986;Matsushita Electric Works, Ltd.
0813;Mattel, Inc.
0a84;Maui Innovative Peripherals
04c3;Maxi Switch, Inc.
0b6a;Maxim Integrated Products
0d49;Maxtor
1682;Maxwise Production Enterprise Ltd.
248a;Maxxter
040e;MCCI
16d0;MCS
0c70;MCT Elektronikladen
09b4;MDS Telephone Systems
09db;Measurement Computing Corp.
086f;MEC IMEX, Inc.
0a67;Medeli Electronics Co., Ltd
05c2;Media Phonics (Suisse) S.A.
095b;Medialogic Corp.
05b7;Medianix Semiconductor, Inc.
0dd3;MediaQ
08ed;MediaTek Inc.
0e8d;MediaTek Inc.
22df;Medicom MTD, Ltd
1113;Medion AG
1513;medMobile
0a21;Medtronic Physio Control Corp.
07b5;Mega World International, Ltd
0d6a;Megapower International Corp.
0e6a;Megawin Technology Co., Ltd
2e57;MEGWARE Computer Vertrieb und Service GmbH
0bed;MEI
1b04;Meilhaus Electronic GmbH
0d61;Meilu Electronics (Shenzhen) Co., Ltd
1938;Meinberg Funkuhren GmbH & Co. KG
2a45;Meizu Corp.
22dc;Mellanox Technologies
1a7e;Meltec Systementwicklung
4855;Memorex
12f7;Memorex Products, Inc.
09c5;Memory Corp.
1854;Memory Devices Ltd.
04d6;Mentor Graphics
2c4e;Mercucys INC
24f0;Metadot
3112;Meteca SA
04c2;Methode Electronics Far East PTE, Ltd
0635;Methode Electronics, Inc.
0870;Metricom
08b0;Metrohm
0c2e;Metrologic Instruments
0eb8;Mettler Toledo
24ea;Meva
5354;Meyer Instruments (MIS)
1724;Meyer Instruments (MIS)
0d76;MFP Korea, Inc.
081a;MG Logic
0463;MGE UPS Systems
17a7;MICOMSOFT CO., LTD.
17a7;MICOMSOFT CO., LTD.
058d;Micrel Semiconductor
04ac;Micro Audiometrics Corp.
0e34;Micro Computer Control Corp.
04c7;Micro Macro Technologies
0fdc;Micro Plus
0ac9;Micro Solutions, Inc.
3504;Micro Star
0db0;Micro Star International
1462;Micro Star International
04d8;Microchip Technology, Inc.
0424;Microchip Technology, Inc. (formerly SMSC)
07f2;Microcomputer Applications, Inc.
0bc4;Microcube Corp.
0c45;Microdia
26f2;Micromega
0496;Micron Electronics
0634;Micron Technology, Inc.
074d;Micronas GmbH
042d;Micronics
0078;Microntek
1068;Micropi Elettronica
1de6;MICRORISC s.r.o.
1777;Microscan Systems, Inc.
045e;Microsoft Corp.
06a7;MicroStore, Inc.
199b;MicroStrain, Inc.
07af;Microtech
1498;Microtek International Inc.
05da;Microtek International, Inc.
0596;MicroTouch Systems, Inc.
0f4d;Microtune, Inc.
1acc;Midiplus Co, Ltd.
4752;Miditech
107e;Midoriya Electric Co., Ltd
18b6;Mikkon Technology Limited
2625;MilDef AB
0a50;Mimaki Engineering Co., Ltd
27dd;Mindeo
097a;Minds At Work LLC
04de;MindShare, Inc.
19ca;Mindtribe
074a;Ming Fortune Industry Co., Ltd
0303;Mini Automation Controller
20ce;Minicircuits
0102;miniSTREAK
0686;Minolta Co., Ltd
0859;Minolta Systems Laboratory, Inc.
0cfc;Minolta-QMS, Inc.
084d;Minton Optic Industry Co., Inc.
0c1b;MIPS Technologies
081c;Mipsys
152b;MIR Srl
1e17;Mirion Technologies Dosimetry Services Division
07e7;Mirvo Toys, Inc.
2961;Miselu
0fc1;Mitac Internatinal Corp.
03ed;Mitel Corp.
06d3;Mitsubishi Electric Corp.
0452;Mitsubishi Electronics America, Inc.
10a3;Mitsubishi Materials Corp.
03ee;Mitsumi
0fef;MJ Research, Inc.
0d0d;MKNet Corp.
017c;MLK
0df7;Mobile Action Technology, Inc.
1011;Mobile Media Tech.
1342;Mobility
053e;Mobility Electronics
1eb8;Modacom Co., Ltd.
042f;Molex, Inc.
0447;Momentum Microsystems
106f;Money Controls
0566;Monterey International Corp.
2662;Moog Music Inc.
1347;Moravian Instruments
225d;Morpho
13ee;MosArt
062a;MosArt Semiconductor Corp.
9710;MosChip Semiconductor
0c04;MOTO Development Group, Inc.
07b2;Motorola BCS, Inc.
0cad;Motorola CGISS
0427;Motorola Electronics Taiwan, Ltd
1063;Motorola Electronics Taiwan, Ltd [hex]
190d;Motorola GSG
0c44;Motorola iDEN
22b8;Motorola PCS
06fc;Motorola Semiconductor Products Sector
0425;Motorola Semiconductors HK, Ltd
0534;Motorola, Inc.
07e4;Movado Enterprise Co., Ltd
110a;Moxa Technologies Co., Ltd.
0a62;MPMan
1748;MQP Electronics
1770;MSI
1770;MSI
0ea7;MSL Enterprises Corp.
5131;MSR
1b20;MStar Semiconductor, Inc.
09fa;Mtek Vision
19fd;MTI Instruments Inc.
0d3f;MTS Systems Corp.
3310;MUDITA Sp. z o.o.
06e0;Multi-Tech Systems, Inc.
1781;Multiple Vendors
090d;Multiport Computer Vertriebs GmbH
04a8;Multivideo Labs, Inc.
2a47;Mundo Reader, S.L.
0bb5;Murata Manufacturing Co., Ltd
0b4e;Musical Electronics, Ltd
4d46;Musical Fidelity
055f;Mustek Systems, Inc.
0c30;Mutoh Industries Ltd
124c;MXI - Memory Experts International, Inc.
aaaa;MXT
0d5e;Myacom, Ltd
104b;Mylex / Buslogic
09be;MySmart.Com
04cf;Myson Century, Inc.
1b96;N-Trig
0511;N'Able (DataBook) Technologies, Inc.
11c9;Nacon
10e2;Nada Electronics, Ltd
0b6f;Nagano Japan Radio Co., Ltd
0d17;NALTEC, Inc.
1415;Nam Tai E&E Products Ltd. or OmniVision Technologies, Inc.
2058;Nano River Technology
3923;National Instruments Corp.
0401;National Registry, Inc.
0400;National Semiconductor Corp.
07a2;National Technical Systems
17cc;Native Instruments
08b7;NATSU
131d;Natural Point
1873;Navilock
3136;Navini Networks
1b28;NAVIsis Inc.
07e0;NCP engineering GmbH
0404;NCR Corp.
0c86;NDA Technologies, Inc.
0004;Nebraska Furniture Mart
0409;NEC Corp.
0aae;NEC infrontia Corp. (Nitsuko)
0b61;NEC Viewtechnology, Ltd
073e;NEC, Inc.
0c4c;Needham's Electronics
0e5d;Neltron Industrial Co., Ltd
0aec;Neodio Technologies Corp.
0ae7;Neodym Systems, Inc.
09d1;NeoMagic, Inc.
050e;Neon Technology, Inc.
0e3a;Neostar Technology Co., Ltd
2464;Nest
20f1;NET New Electronic Technology GmbH
0df4;NET&SYS
0dd8;Netac Technology Co., Ltd
0dd8;Netac Technology Co., Ltd
25da;Netatmo
0f7d;NetBotz, Inc.
0525;Netchip Technology, Inc.
1385;Netgear, Inc
0846;NetGear, Inc.
0864;NetGear, Inc.
100d;Netopia, Inc.
2d6b;NetUP Inc.
0bb6;Network Alchemy
06d7;Network Computing Devices (NCD)
0757;Network Technologies, Inc.
0dcd;NetworkFab Corp.
090b;Neurosmith
054b;New Media Corp.
063f;New Technology Cable, Ltd
2b3e;NewAE Technology Inc.
0f5d;NewAge International, LLC
0cd7;NewChip S.r.l.
06ca;Newer Technology, Inc.
1026;Newly Corp.
0714;NewMotion, Inc.
04f7;Newnex Technology Corp.
104d;Newport Corporation
10f0;Nexio Co., Ltd
1870;Nexio Co., Ltd
298d;Next Biometrics
0c3e;Nextcell, Inc.
0a83;NextComm, Inc.
1cca;NextWave Broadband Inc.
1926;NextWindow
0d4a;NF Corp.
2770;NHJ, Ltd
07ce;Nidec Copal
0f38;Nien-Yi Industrial Corp.
0ea6;Nihon Computer Co., Ltd
068f;Nihon KOHDEN
0598;Niigata Canotec Co., Inc.
11ac;Nike
04b0;Nikon Corp.
1931;Ningbo Broad Telecommunication Co., Ltd.
1d08;NINGBO HENTEK DRAGON ELECTRONICS CO., LTD.
057e;Nintendo Co., Ltd
13b3;Nippon Dics Co., Ltd.
0da3;Nippon Electro-Sensory Devices Corp.
0626;Nippon Systems Development Co., Ltd
0e03;Nippon Systemware Co., Ltd
08c9;Nippon Telegraph and Telephone Corp.
09c2;Nisca Corp.
061e;Nissei Electric Co.
0f42;Nital Consulting Services, Inc.
0a86;NITGen Co., Ltd
0705;NKK Corp.
0446;NMB Technologies Corp.
2188;No brand
2c9d;Nod Inc
058a;Nohau Corp.
04a6;Nokia Display Products
0421;Nokia Mobile Phones
0485;Nokia Monitors
1c3d;NONIN MEDICAL INC.
59e3;Nonolith Labs
04f6;Norand Corp.
1915;Nordic Semiconductor ASA
2fe3;NordicSemiconductor
2537;Norelsys
0eda;Noriake Itron Corp.
045d;Nortel Networks, Ltd
0ae9;North Shore Circuit Design L.L.P.
092f;Northern Embedded Science/CAVNEX
04eb;Northstar Systems, Inc.
0ded;Novasonics
0eb0;NovaTech
0603;Novatek Microelectronics Corp.
1410;Novatel Wireless
29c3;Noviga
0d69;NSI
0b60;Nsine, Ltd
089e;NST Co., Ltd
0a7d;NSTL, Inc.
0f60;NTK, Ltd
0a3c;NTT DoCoMo, Inc.
0785;NTT-ME
2cf0;Nuand LLC
1033;Nucam Corp.
1989;Nuconn Technology Corp.
0c79;NuConnex Technologies Pte., Ltd
1ebb;NuCORE Technology, Inc.
15e4;Numark
2a19;Numato Systems Pvt. Ltd
1091;Numerik Jena
0936;NuTesla
0955;NVIDIA Corp.
0d28;NXP
1fc9;NXP Semiconductors
124b;Nyko (Honey Bee)
1e71;NZXT
0b97;O2 Micro, Inc.
03f2;Oak Technology, Inc.
0981;Oak Technology, Ltd
158d;Oakley Inc.
0561;Oasis Design, Inc.
0efd;Oasis Semiconductor
0771;Observator Instruments BV
2957;Obsidian Research Corporation
0669;Oce' Printing Systems GmbH
2457;Ocean Optics Inc.
0a7e;Octagon Systems Corp.
2833;Oculus VR, Inc.
0324;OCZ Technology Inc
0325;OCZ Technology Inc
9999;Odeon
0621;ODU-Steckverbindungssysteme GmbH & Co. KG
0bb3;Ofuji Technology
06bc;Oki Data Corp.
070a;Oki Electric Industry Co., Ltd
04d7;Oki Semiconductor
0975;OL'E Communications, Inc.
15ba;Olimex Ltd.
08e3;Olitec, Inc.
0b3c;Olivetti Techcenter
093f;Olympia Telecom Vertriebs GmbH
07b4;Olympus Optical Co., Ltd
1c9e;OMEGA TECHNOLOGY
0ebf;Omega Technology of Taiwan, Inc.
0b39;Omnidirectional Control Technology, Inc.
076b;OmniKey AG
05a9;OmniVision Technologies, Inc.
0590;Omron Corp.
1057;ON Semiconductor
0779;ON Semiconductor (formerly Fairchild)
0e7b;On-Tech Industry Co., Ltd
1ee8;ONDA COMMUNICATION S.p.a.
2a70;OnePlus Technology (Shenzhen) Co., Ltd.
0746;Onkyo Corp.
2378;OnLive
07a3;Onnto Corp.
0f1b;Onset Computer Corp.
55aa;OnSpec Electronic, Inc.
0d15;OnStream b.v.
0a07;Ontrak Control Systems Inc.
151f;Opal Kelly Incorporated
06f1;Opcode Systems, Inc.
0aca;OPEN Networks Ltd
1d50;OpenMoko, Inc.
695c;Opera1
1cb4;OPEX CORPORATION
22d9;OPPO Electronics Corp.
0798;Optelec
03fb;OPTi, Inc.
0cb8;Opticis Co., Ltd
0af0;Option
065a;Optoelectronics Co., Ltd
0c74;Optronic Laboratories Inc.
1557;OQO
0f19;Oracom Co., Ltd
0b62;Orange Micro, Inc.
0bdd;Orange PCS
2bc5;Orbbec 3D Technology International, Inc
0fde;Oregon Scientific
1bf6;Orient Semiconductor Electronics, Ltd.
05a4;Ortek Technology, Inc.
0fe0;Osterhout Design Group
7825;Other World Computing
1e91;Other World Computing
0ea0;Ours Technology, Inc.
2836;OUYA
1b75;Ovislink Corp.
5345;Owon
2a1d;Oxford Nanopore Technologies plc
0d89;Oz Software
1bde;P-TWO INDUSTRIES, INC.
1357;P&E Microcomputer Systems
2349;P2 Engineering Group, LLC
0bf0;Pace Micro Technology PLC
15e9;Pacific Digital Corp.
04ef;Pacific Electronic International, Inc.
0583;Padix Co., Ltd (Rockfire)
09a3;PairGain Technologies
19ef;Pak Heng Technology (Shenzhen) Co., Ltd.
0830;Palm, Inc.
0cbc;Palmax Technology Co., Ltd
04b1;Pan International
0b23;Pan-Asia Electronics Co., Ltd
08e7;Pan-International Wire & Cable
04da;Panasonic (Matsushita)
1111;Pandora International Ltd.
121f;Panini S.p.A.
134c;PanJit International Inc.
4586;Panram
1497;Panstrong Company Ltd.
1084;Pantech Co., Ltd
1084;Pantech Co., Ltd
232b;Pantum Ltd.
0ac7;Panwest Corp.
06db;Paradyne
0e99;Parallel Dice Co., Ltd
203a;PARALLELS
24e1;Paratronic
19cf;Parrot SA
076c;Partner Tech
0945;Pasco Scientific
0c8a;Pathway Connectivity, Inc.
06eb;PC Expert Tech. Co., Ltd
04e9;PC-Tel, Inc.
0b10;Pcally
13ba;PCPlay
2013;PCTV Systems
0c72;PEAK System
0e20;Pegasus Technologies Ltd.
1d4d;PEGATRON CORPORATION
0a3a;PentaMedia Co., Ltd
0a17;Pentax Corp.
25fb;Pentax Ricoh Imaging Co., Ltd
0cbd;Pentel Co., Ltd (Electronics Equipment Div.)
0565;Peracom Networks, Inc.
0aa6;Perception Digital, Ltd
0bcb;Perfect Technic Enterprise Co., Ltd
13b0;PerkinElmer Optoelectronics
256b;Perreaux Industries Ltd
16b5;Persentec, Inc.
0810;Personal Communication Systems, Inc.
1431;Pertech Resources, Inc.
068a;Pertech, Inc.
18b1;Petalynx
2368;Peterson Electro-Musical Products Inc.
04fe;PFU, Ltd
22db;Phase One
06c2;Phidgets Inc. (formerly GLAB)
2759;Philip Morris Products S.A.
0471;Philips (or NXP)
1c6b;Philips & Lite-ON Digital Solutions Corporation
0575;Philips Creative Display Solutions
0552;Philips Monitors
05b9;Philips Research Laboratories
05d6;Philips Semiconductors, CICT
0911;Philips Speech Processing
13fe;Phison Electronics Corp.
0d7d;Phison Electronics Corp.
041a;Phoenix Technologies, Ltd
06da;Phoenixtec Power Co., Ltd
0ecf;Phogenix Imaging, LLC
0ecf;Phogenix Imaging, LLC
0941;Photobit Corp.
1a72;Physik Instrumente
05f3;PI Engineering, Inc.
0ce9;Pico Technology
0e0d;PicoQuant GmbH
2ad1;Picotronic GmbH
10fb;Pictos Technologies, Inc.
0a8d;Picturetel
22a6;Pie Digital, Inc.
1669;PiKRON Ltd. [hex]
0b4b;Pine Corp. Ltd.
1501;Pine-Tum Enterprise Co., Ltd.
2304;Pinnacle Systems, Inc.
0900;Pinnacle Systems, Inc.
08e4;Pioneer Corp.
1266;Pirelli Broadband Solutions
0d8f;Pitney Bowes
093a;Pixart Imaging, Inc.
06b8;Pixela Corp.
1996;PixeLINK
0549;Pixera Corp.
21ab;Planeta Informatica
2019;PLANEX
0053;Planex
2c02;Planex Communications
14ea;Planex Communications
07e3;Planex Communications, Inc.
18dd;Planon System Solutions Inc.
047f;Plantronics, Inc.
1cc0;PlantSense
1b48;Plastron Precision Co., Ltd.
0b43;Play.com, Inc.
0b98;Playmates Toys, Inc.
093b;Plextor Corp.
0a4a;Ploytec GmbH
0fc2;Plug and Jack Industrial, Inc.
2581;Plug-up
2230;Plugable
0b87;Plus-One I & T, Inc.
2578;Pluscom
07b3;Plustek, Inc.
0928;PLX Technology, Inc. (formerly Oxford Semiconductor, Ltd)
1c28;PMD Technologies
154b;PNY
0b30;PNY Technologies, Inc.
09a6;Poinchips
1e10;Point Grey Research, Inc.
0ef5;PointChips
0da4;Polar Electro Oy
0546;Polaroid Corp.
074b;Polestar Tech. Corp.
0f44;Polhemus
1ffb;Pololu Corporation
095d;Polycom, Inc.
0a53;Portable Peripheral Co., Ltd
0b70;PortalPlayer, Inc.
095a;Portsmith
0d3a;Posiflex Technologies, Inc.
1424;Posnet Polska S.A.
10e0;Post-Op Video, Inc.
068b;Potrans International, Inc.
ff00;Power Delivery
0dd2;Power Quotient International Co., Ltd
3538;Power Quotient International Co., Ltd
0d77;Power Sentry/Newpoint
0d9f;Powercom Co., Ltd
07c7;Powertech Industrial Co., Ltd
05cb;PowerVision Technologies, Inc.
0592;Powerware Corp.
0f5c;Prairiecomm, Inc.
08c3;Precise Biometrics
0dc6;Precision Squared Technology Corp.
053a;PrehKeyTec GmbH
321c;Premio, Inc.
194f;PreSonus Audio Electronics, Inc.
15c5;Pressure Profile Systems, Inc.
1681;Prevo Technologies, Inc.
24a4;Primare AB
0461;Primax Electronics, Ltd
089f;Primex Aerospace Co.
0594;Princeton Graphic Systems
10ae;Princeton Technology Corp.
1796;Printrex, Inc.
14ae;Printronix Inc.
0f2f;Priva Design Services
0790;Pro-Image Manufacturing Co., Ltd
1928;Proceq SA
08cf;Productivity Enhancement Products
06ae;Professional Multimedia Testing Centre
28f9;Profitap HQ BV
73d8;Progeny Dental Equipment Specialists
0b0d;ProjectLab
11f6;Prolific
0c26;Prolific Technology Inc.
067b;Prolific Technology, Inc.
1554;Prolink Microsystems Corp.
0d48;Promethean Limited
04e5;Promise Technology
0d8d;Promotion & Display Technology, Ltd
061b;Promptus Communications, Inc.
054e;Proside Corp.
055c;Proton Electronic Ind.
6666;Prototype product Vendor ID
08c4;Proxim, Inc.
05b6;Proxima Corp.
2d2d;proxmark.org
2c99;Prusa
103a;PSA
05f9;PSC Scanning, Inc.
09cd;Psion Dacom Home Networks, Ltd
28e0;PT. Prasimax Inovasi Teknologi
2548;Pulse-Eight
2373;Pumatronix Ltda
167b;Pure Digital Technologies, Inc.
316d;Purism, SPC
0708;Putercom Co., Ltd
1398;Q-tec
18e8;Qcom
46f4;QEMU
20b7;Qi Hardware
1a86;QinHeng Electronics
1c04;QNAP System Inc.
07e5;QPS, Inc.
173d;QSENN
05c7;Qtronix Corp.
0615;Quabbin Wire & Cable Co., Inc.
1e0e;Qualcomm / Option
0cf3;Qualcomm Atheros Communications
1291;Qualcomm Flarion Technologies, Inc. / Leadtek Research, Inc.
05c6;Qualcomm, Inc.
087f;QualCore Logic Inc.
0408;Quanta Computer, Inc.
1a32;Quanta Microsystems, Inc.
0fda;Quantec Networks GmbH
0933;Quantum Corp.
156f;Quantum Corporation
0568;Quartz Ingenierie
061d;Quatech, Inc.
2c7c;Quectel Wireless Solutions Co., Ltd.
0591;Questra Consulting
057f;QuickShot, Ltd
2ff4;Quixant Plc
290c;R. Hamilton & Co. Ltd.
11be;R&D International NV
0581;Racal Data Group
07d5;Radiant Systems
0e4c;Radica Games, Ltd
1954;Radiient Technologies
0a35;Radikal Technologies
1453;Radio Shack
08b9;RadioShack Corp. (Tandy)
2233;RadioShack Corporation
043f;RadiSys Corp.
0c3c;Radius Co., Ltd
05bd;RAFI GmbH & Co. KG
04b9;Rainbow Technologies, Inc.
148f;Ralink Technology, Corp.
14b2;Ralink Technology, Corp.
102a;Ramos Technology Co., Ltd
13e5;Rane
14dd;Raritan Computer, Inc.
0584;RATOC System, Inc.
2546;Ravensburger
10d2;RayComposer - R. Adams
2386;Raydium Corporation
1532;Razer USA, Ltd
1689;Razer USA, Ltd
1689;Razer USA, Ltd
0f41;RDC Semiconductor Co., Ltd
2107;RDING TECH CO.,LTD
09e7;Real 3D, Inc.
0795;RealChip, Inc.
063e;RealMedia Technology, Inc.
0bda;Realtek Semiconductor Corp.
0680;Realtek Semiconductor Corp., CPP Div. (Avance Logic)
1bf0;RealVision Inc.
0d34;Rearden Steel Technologies
0883;Recording Industry Association of America (RIAA)
2b23;Red Hat, Inc.
05e4;Red Wing Corp.
1430;RedOctane
112a;RedRat
2822;REFLEXdigital
0c4b;Reiner SCT Kartensysteme GmbH
0475;Relisys/Teco Information System
1c0d;Relm Wireless
200c;Reloop
0ad1;Remotec Technology, Ltd
0fca;Research In Motion, Ltd.
26a9;Research Industrial Systems Engineering
0822;Reudo Corp.
0c66;Rexon Electronics Corp.
0a80;Rexon Technology Corp., Ltd
0b84;Rextron Technology, Inc.
05f7;RFC Distribution(s) PTE, Ltd
0c27;RFIDeas, Inc
179d;Ricavision International, Inc.
05ca;Ricoh Co., Ltd
13be;Ricoh Printing Systems, Ltd.
1ab1;Rigol Technologies
0cc3;Rimage Corp.
0841;Rioport.com, Inc.
1294;RISO KAGAKU CORP.
0b27;Ritek Corp.
1001;Ritronics Components (S) Pte., Ltd
2a39;RME
108c;Robert Bosch GmbH
1e7d;ROCCAT
173a;Roche
09f6;RocketChips, Inc.
14c0;Rockwell Automation, Inc.
19f7;RODE Microphones
0aad;Rohde & Schwarz GmbH & Co. KG
04b5;ROHM LSI Systems USA, LLC
0582;Roland Corp.
0b75;Roland DG Corp.
2af4;ROLI Ltd.
1310;Roper
2bd8;ROPEX Industrie-Elektronik GmbH
270d;Rosand Technologies
2B15;Rosenberger Hochfrequenztechnik GmbH & Co. KG
097d;Rosun Technologies, Inc.
0606;Royal Information Electronics Co., Ltd
0954;RPM Systems Corp.
15e1;RSA
2100;RT Systems
2a37;RTD Embedded Technologies, Inc.
0d9a;RTX AS
119b;ruwido austria GmbH
05bf;S & S Research
19af;S Life
048a;S-MOS Systems, Inc.
041d;S3, Inc.
1688;Saab AB
0cff;SAFA MEDIA Co., Ltd.
1a4b;SafeBoot International B.V.
3145;SafeLogic Inc.
079b;Sagem
0780;Sagem Monetel GmbH
1a6f;Sagem Orga GmbH
14e5;SAIN Information & Communications Co., Ltd.
0eb3;Saint Technology Corp.
06a3;Saitek PLC
1acb;Salcomp Plc
21a9;Saleae, Inc.
1167;Salient Systems Corp.
115b;Salix Technology Co., Ltd.
0c25;Sampo Corp.
05a5;Sampo Technology Corp.
17a0;Samson Technologies Corp.
055d;Samsung Electro-Mechanics Co.
057a;Samsung Electronics America
04e8;Samsung Electronics Co., Ltd
0419;Samsung Info. Systems America, Inc.
0434;Samsung Info. Systems America, Inc.
1fab;Samsung Opto-Electroncs Co., Ltd.
0492;Samsung SemiConductor, Inc.
0839;Samsung Techwin Co., Ltd
1d20;SAMTACK INC.
2227;SAMWOO Enterprise
1a6d;SamYoung Electronics Co., Ltd
106d;San Chieh Manufacturing, Ltd
0fba;San Shing Electronics Co., Ltd
0781;SanDisk Corp.
0871;SanDisk, Inc.
10c5;Sanei Electric, Inc.
17d0;Sanford L.P.
2406;SANHO Digital Electronics Co., Ltd.
077a;Sankyo Seiki Mfg. Co., Ltd
0d97;Santa Barbara Instrument Group
117d;Santa Electronic, Inc.
0a72;Sanwa Denshi
0d9d;Sanwa Supply, Inc.
0474;Sanyo Electric Co., Ltd
0473;Sanyo Information Business Co., Ltd
0ac3;Sanyo Semiconductor Company Micro
0588;Sapien Design
0ee1;Sarotech Co., Ltd
0828;Sato Corp.
534c;SatoshiLabs
17ba;SAURIS GmbH
262a;SAVITECH Corp.
0a15;Scalar Corp.
04ce;ScanLogic Corp.
137b;SCAPS GmbH
0cd6;Scheidt & Bachmann
0973;Schlumberger
1c83;Schomaecker GmbH
1adb;Schweitzer Engineering Laboratories, Inc
05ce;sci-worx GmbH
051e;Scientific Atlanta, Inc.
0aea;SciEssence, LLC
04e6;SCM Microsystems, Inc.
18fb;Scriptel Corporation
2e95;SCUF Gaming
0dc5;SDK Co., Ltd
1012;SDKM Fibres, Wires & Cables Berhad
1df7;SDRplay
2cdc;Sea & Sun Technology GmbH
0fd2;Seac Banche
0fd2;Seac Banche
1a2a;Seagate Branded Solutions
0bc2;Seagate RSS LLC
0477;Seagate Technology, Inc.
219c;Seal One AG
0c52;Sealevel Systems, Inc.
22b1;Secret Labs LLC
1162;Secugen Corp.
22e0;secunet Security Networks AG
2886;Seeed Technology Co., Ltd.
289d;Seek Thermal, Inc.
0ca3;Sega Corp.
0569;SegaSoft
1366;SEGGER
04b8;Seiko Epson Corp.
0619;Seiko Instruments, Inc.
0510;Sejin Electron, Inc.
047a;Semtech Corp.
05c9;Semtech Corp.
0c9d;SemTek
092b;Sena Technologies, Inc.
1740;Senao
0cc5;Sendo
0f22;Senior Industries, Inc.
1377;Sennheiser electronic GmbH & Co. KG
2fc0;Sensidyne, LP
1421;Sensor Technology
1943;Sensoray Co., Inc.
15e0;Seong Ji Industrial Co., Ltd.
258d;Sequans Communications
0670;Sequel Imaging
0a0d;Servergy, Inc
0ad2;Service & Quality Technology Co., Ltd
23fc;SesKion GmbH
0b96;Sewon Telecom
1547;SG Intec Ltd & Co KG
1a8b;SGS Taiwan Ltd.
044a;Shamrock Tech. Co., Ltd
0cbb;Shanghai Darong Electronics Co., Ltd
1c26;Shanghai Haiying Electronics Co., Ltd.
6a75;Shanghai Jujo Electronics Co., Ltd
25f0;ShanWan
07c6;ShareWave, Inc.
13d2;Shark Multimedia
057d;Shark Multimedia, Inc.
357d;Sharkoon
1ea7;SHARKOON Technologies GmbH
04dd;Sharp Corp.
1175;Shengyih Steel Mold Co., Ltd
1b88;ShenMing Electron (Dong Guan) Co., Ltd.
1c05;Shenxhen Stager Electric
0e4a;Shenzhen Bao Hing Electric Wire & Cable Mfr. Co.
2a0e;Shenzhen DreamSource Technology Co., Ltd.
27c6;Shenzhen Goodix Technology Co.,Ltd.
1788;ShenZhen Litkconn Technology Co., Ltd.
24ae;Shenzhen Rapoo Technology Co., Ltd.
1997;Shenzhen Riitek Technology Co., Ltd
2563;ShenZhen ShanWan Technology Co., Ltd.
20bc;ShenZhen ShanWan Technology Co., Ltd.
f4ed;Shenzhen Siglent Co., Ltd.
03d9;Shenzhen Sinote Tech-Electron Co., Ltd
1bef;Shenzhen Tongyuan Network-Communication Cables Co., Ltd
1930;Shenzhen Xianhe Technology Co., Ltd.
1930;Shenzhen Xianhe Technology Co., Ltd.
1b99;Shenzhen Yuanchuan Electronic
16a5;Shenzhen Zhengerya Cable Co., Ltd.
254e;SHF Communication Technologies AG
0db2;Shian Hwi Plug Parts, Plastic Factory
0ee0;Shima Seiki Mfg., Ltd
1146;Shimane SANYO Electric Co., Ltd.
1e44;SHIMANO INC.
0e83;Shin An Wire & Cable Co.
0b71;SHIN-EI Sangyo Co., Ltd
1082;Shin-Etsukaken Co., Ltd
2318;Shining Technologies, Inc. [hex]
090e;Shining Technology, Inc.
1022;Shinko Shoji Co., Ltd
14ed;Shure Inc.
4572;Shuttle, Inc.
051c;Shuttle, Inc.
1308;Shuttle, Inc.
0539;Shyh Shiun Terminals Co., Ltd
0500;Siam United Hi-Tech
187f;Siano Mobile Silicon
236a;SiBEAM
08fc;Sicon Cable Technology Co., Ltd
11f5;Siemens AG
0908;Siemens AG
03f5;Siemens Electromechanical
0681;Siemens Information and Communication Products
044d;Siemens Nixdorf AG
05fa;Siemens Telecommunications Systems, Ltd
0636;Sierra Imaging, Inc.
1199;Sierra Wireless, Inc.
1003;Sigma Corp.
0658;Sigma Designs, Inc.
0b88;Sigma Koki Co., Ltd, Technology Center
1c4f;SiGma Micro
1d9d;Sigma Sport
316c;SigmaSense, LLC
066f;SigmaTel, Inc.
2817;Signal Hound, Inc.
0c64;Signality System Engineering Co., Ltd
2133;signotec GmbH
272c;Signum Systems
06c8;SIIG, Inc.
0f0f;Silego Technology Inc
16cc;silex technology, Inc.
1485;Silicom
05cd;Silicom, Ltd
116f;Silicon 10 Technology Corp.
053d;Silicon Architect
051b;Silicon Graphics
065e;Silicon Graphics
1a4a;Silicon Image
266e;Silicon Integrated Systems
0457;Silicon Integrated Systems Corp.
10c4;Silicon Labs
10ce;Silicon Labs
2232;Silicon Motion
0c1a;Silicon Motion, Inc.
090c;Silicon Motion, Inc. - Taiwan (formerly Feiya Technology Corp.)
1527;Silicon Portals
0709;Silicon Systems, Ltd (SSL)
05df;Silicon Vision, Inc.
29bd;Silicon Works
047b;Silitek Corp.
09e6;Silutia, Inc.
0af6;Silver I Co., Ltd
1aab;Silvercreations Software AG
2806;SIMPASS
2086;SIMPASS
4971;SimpleTech
20df;Simtec Electronics
062f;Sin Sheng Terminal & Machine, Inc.
0b54;Sinbon Electronics Co., Ltd
0cb7;Singatron Enterprise Co., Ltd
17c3;Singim International Corp.
0ac6;Singing Electrons, Inc.
1345;Sino Lite Technology Corp.
258A;Sino Wealth Electronic Ltd.
0c77;Sipix Group, Ltd
0541;Sirf Technology, Inc.
06ea;Sirius Technologies
9016;Sitecom
6189;Sitecom
0df6;Sitecom Europe B.V.
1403;Sitronix
10a9;SK Teletech Co., Ltd
0d96;Skanhex Technology, Inc.
0ccb;SKNet Co., Ltd
1223;SKYCABLE ENTERPRISE. CO., LTD.
1c6c;Skydigital Inc.
0ef7;SM Tech Co., Ltd (Tulip)
1587;SMA Technologie AG
3219;Smak Tecnologia e Automacao LTDA
09a9;Smart Card Technologies Co., Ltd
0e39;Smart Modular Technologies, Inc.
0b8c;SMART Technologies Inc.
076a;Smart Technology Enablers, Inc.
cd12;SMART TECHNOLOGY INDUSTRIAL LTD.
ef18;SMART TECHNOLOGY INDUSTRIAL LTD.
08d1;smartBridges, Inc.
0917;SmartDisk Corp.
10bf;SmartHome
1d5b;Smartronix, Inc.
0d5c;SMC Networks, Inc.
0497;Smile International
0609;SMK Manufacturing, Inc.
06ba;Smooth Cord & Connector Co., Ltd
154f;SNBC CO., Ltd
08fb;Socket Communications
09f8;SoftConnex Technologies, Inc.
0da8;softDSP Co., Ltd
1649;SofTec Microsystems
077e;Softing AG
2113;Softkinetic
27f2;Softnautics LLP
0b9d;Softprotec Co.
1015;Softronics Pty., Ltd
2527;Software Bisque
15e8;SohoWare
0524;Sola Electronics
060b;Solid Year
1d07;Solid-Motion
7302;Solinftec
04fd;Soliton Systems, K.K.
0d57;Solomon Microtech, Ltd
0f8f;Soma Networks
1c88;Somagic, Inc.
045a;SONICblue, Inc.
1d0f;Sonix Technology Co., Ltd.
0231;Sonuus Limited
6472;Sony Corp.
1617;Sony Corp.
054c;Sony Corp.
0a51;Sony Electronics, Inc.
0fce;Sony Ericsson Mobile Communications AB
075b;Sophisticated Circuits, Inc.
08b4;Sorenson Vision, Inc.
0fa5;Sotec Co., Ltd
15c2;SoundGraph Inc.
0833;Sourcenext Corp.
0655;Space Shuttle Hi-Tech Co., Ltd
0a14;Spacelabs Medical, Inc.
05a8;Spacetec IMC Corp.
1a6a;Spansion Inc.
0484;Specialix
316e;SPECINFOSYSTEMS
1973;Spectralink Corporation
0c55;Spectrum Digital, Inc.
059a;Spectrum Signal Processing, Inc.
0e55;Speed Dragon Multimedia, Ltd
1000;Speed Tech Corp.
1017;Speedy Industrial Supplies, Pte., Ltd
114b;Sphairon Access Systems GmbH
06cf;SpheronVR AG
0934;Spirent Communications
0b47;Sportbug.com, Inc.
1782;Spreadtrum Communications Inc.
1c34;SpringCard
1c34;SpringCard
08df;Spyrus, Inc.
27a8;Square, Inc.
0d3c;Sri Cable Technology, Ltd
04cc;ST-Ericsson
0f4b;St. John Technology Co., Ltd
0ca4;ST&T Instrument Corp.
1461;Staccato Communications
726c;StackFoundry LLC
0707;Standard Microsystems Corp.
1260;Standard Microsystems Corp.
052e;Standard Microsystems Corp.
286b;STANEO SAS
103d;Stanton
1f87;Stantum
0519;Star Micronics Co., Ltd
0fa3;Starconn Electronic Co., Ltd
0652;Stargate Solutions, Inc.
272a;StarLeaf Ltd.
1278;Starlight Xpress
18d5;Starline International Group Limited
2803;StarLine LLC.
1198;StarShine Technology Corp.
14b0;StarTech.com Ltd.
0bca;Startek Engineering, Inc.
136b;STEC
1038;SteelSeries ApS
0a4e;Steinberg Soft-und Hardware GmbH
22c9;StepOver GmbH
2689;StepOver International GmbH
0abe;Stereo-Link
2b03;STEREOLABS
0487;Stewart Connector
0483;STMicroelectronics
0553;STMicroelectronics Imaging Division (VLSI Vision)
0742;Stollmann
1628;Stonestreet One, Inc.
1980;Storage Appliance Corporation
0e38;Stratitec, Inc.
0e9c;Streamzap, Inc.
126e;Strobe Data, Inc.
0748;Strong Man Enterprise Co., Ltd
1657;Struck Innovative Systeme GmbH
07ef;STSN
9516;Studiologic
0927;Summus, Ltd
05db;Sun Corp. (Suntac?)
0e44;Sun-Riseful Technology Co., Ltd.
073b;Suncom Technologies
2659;Sundtek
1568;Sunf Pu Technology Co., Ltd
05cf;Sung Forn Co., Ltd
072e;Sunix Co., Ltd
0bf7;Sunny Giken, Inc.
1bcf;Sunplus Innovation Technology Inc.
04fc;Sunplus Technology Co., Ltd
0ee4;Sunrich Technology, Ltd
0b79;Sunrise Telecom, Inc.
05d5;Super Gate Technology Co., Ltd
0d68;Super Link Electronics Co., Ltd
14cd;Super Top
0701;Supercomal Wire & Cable SDN. BHD.
2c23;Supermicro Computer Incorporated
16d1;Suprema Inc.
0d90;Sure-Fire Electrical Corp.
0769;Surecom Technology Corp.
1099;Surface Optics Corp.
0731;Susteen, Inc.
1493;Suunto
064e;Suyin Corp.
0da1;Suzhou Peter's Precise Industrial Co., Ltd
088c;Swecoin AB
0ec2;Sweetray Industrial, Ltd
177f;Sweex
5173;Sweex
2e69;Swift Navigation
214e;Swiftpoint
0617;Swiss Federal Insitute of Technology
1370;Swissbit
170b;Swissonic
0a3f;Swissonic AG
0e22;Symbian Ltd.
0417;Symbios Logic
05e0;Symbol Technologies
1ca1;Symwave
06cb;Synaptics, Inc.
0c18;SynerTek Korea, Inc.
05ae;Synopsys, Inc.
0405;Synopsys, Inc.
053f;Synopsys, Inc.
0745;Syntech Information Co., Ltd
174f;Syntek
05e1;Syntek Semiconductor Co., Ltd
0a82;Syscan
05b8;SYSGRATION
06aa;Sysgration, Ltd
08f5;SysTec Co., Ltd
0532;Systech Corp.
0bbd;System Connection, Inc.
1772;System Level Solutions, Inc.
0ae8;System Support Co., Ltd
086e;System TALKS, Inc.
3384;System76
1f52;Systems & Electronic Development FZCO (SEDCO)
04a1;SystemSoft Corp.
1bbb;T & A Mobile Phones
1977;T-Logic
06f0;T.N.C Industrial Co., Ltd
2ab6;T+A elektroakustik GmbH & Co KG, Germany
0e9a;TA HSING Industries, Ltd
0d41;Ta Yun Terminals Industrial Co., Ltd
2077;Taicang T&W Electronics Co. Ltd
0b7b;Taiko Denki Co., Ltd
0ece;TaiSol Electronics Co., Ltd
0ae4;Taito Corp.
0d7c;Taiwan Line Tek Electronic Co., Ltd
0520;Taiwan Semiconductor Manufacturing Co.
062d;Taiwan Tai-Hao Enterprises Co., Ltd
07ec;Taiyo Electric Wire & Cable Co., Ltd
0c24;Taiyo Yuden
0c22;Tally Printer Corp.
0dc1;Tamagawa Seiki Co., Ltd
0dc1;Tamagawa Seiki Co., Ltd
0ddb;Tamarack, Inc.
0e9f;Tamura Corp.
1f82;TANDBERG
1a5a;Tandberg Data
0d3d;Tangtop Technology Co., Ltd
3147;Tanvas, Inc.
12ef;Tapwave, Inc.
4168;Targus
1048;Targus Group International
1604;Tascam
0628;Tasking Software, Inc.
0d9b;Tat Shing Electrical Co.
0afd;Tateno Dennou, Inc.
1460;Tatung Co.
04cd;Tatung Co. Of America
063b;Taugagreining HF
0436;Taugagreining HF
06c9;Taxan (Europe), Ltd
29c1;Taztag
734c;TBS Technologies China
1220;TC Electronic
04bf;TDK Corp.
1d0d;TDKMedia
0644;TEAC Corp.
15a8;Teams Power Limited
1861;Tech Technology Industrial Company
1d09;TechFaith Wireless Technology Limited
06d8;Technical Marketing Research, Inc.
14f7;TechniSat Digital GmbH
0e50;TechnoData Interware
1197;Technoimagia Co., Ltd
22ba;Technology Innovation Holdings, Ltd
13e6;TechnoScope Co., Ltd.
0cc8;Technotools Corp.
0b48;TechnoTrend AG
11a3;Technovas Co., Ltd
0d81;TechnoVision
13d0;Techsan Electronics Co., Ltd.
13d0;Techsan Electronics Co., Ltd.
088a;TechTools
063a;Techwin Corp.
080d;Teco Image Systems Co., Ltd
0d4c;Tedas AG
2367;Teenage Engineering
0657;Tekcon Electronics Corp.
2890;Teknic, Inc
052b;Tekom Technologies, Inc.
0db3;Tekram Technology Co., Ltd
0b3b;Tekram Technology Co., Ltd
0699;Tektronix, Inc.
0a13;Telebyte, Inc.
140e;Telechips, Inc.
1cde;Telecommunications Technology Association (TTA)
2340;Teleepoch
1b24;Telegent Systems, Inc.
0455;Telematics International, Inc.
16de;Telemecanique
0676;Teles AG
0862;Teletrol Systems, Inc.
0562;Telex Communications, Inc.
04be;Telia Research AB
1bc7;Telit Wireless Solutions
0bc8;Telmax Communications
0d06;telos EDV Systementwicklung GmbH
1165;Telson Electronics Co., Ltd
0526;Temic MHS S.A.
0c8d;Tempo
2604;Tenda
0fd4;Tenovis GmbH & Co., KG
0fd4;Tenovis GmbH & Co., KG
1130;Tenx Technology, Inc.
230d;Teracom
06cc;Terayon Communication Systems
1862;Teridian Semiconductor Corp.
1a40;Terminus Technology Inc.
153b;TerraTec Electronic GmbH
0ccd;TerraTec Electronic GmbH
f007;Teslong
9022;TeVii Technology Ltd.
32b3;TEXA
08bb;Texas Instruments
2047;Texas Instruments
0451;Texas Instruments, Inc.
15ca;Textech International Ltd.
0f39;TG3 Electronics
0a34;TG3 Electronics, Inc.
142a;Thales E-Transactions
1799;Thales Norway A/S
1b65;The Hong Kong Standards and Testing Centre Ltd.
199e;The Imaging Source Europe GmbH
1f44;The Neat Company
264a;Thermaltake
0ebb;Thermo Fisher Scientific
152a;Thesycon Systemsoftware & Consulting GmbH
03e9;Thesys Microelectronics
0ec7;Theta Link Corp.
27b8;ThingM
0d83;Think Outside, Inc.
07fc;Thomann
05d7;Thomas & Betts Corp.
069b;Thomson, Inc.
1313;ThorLabs
10fe;Thrane & Thrane
044f;ThrustMaster, Inc.
24c6;ThrustMaster, Inc.
0e36;TiePie engineering
0919;Tiger Electronics
06e6;Tiger Jet Network, Inc.
1027;Time Domain
07b7;TIME Interconnect, Ltd
0625;TiMedia Technology Co., Ltd
2309;TimeLink Technology Co., Ltd
0cc2;Timex Corp.
114c;Tinius Olsen Testing Machine Co., Inc.
1222;TiPro
10bb;TM Technology, Inc.
0d66;TMT
10bd;TMT Technology, Inc.
2104;Tobii Technology AB
0b0c;Todos AB
05d3;Tohoku Ricoh Co., Ltd
0767;Tokheim Corp.
0c63;Toko, Inc.
04ec;Tokyo Electron Device, Ltd
0e70;Tokyo Electronic Industry Co., Ltd
1390;TOMTOM B.V.
06a8;Topaz Systems, Inc.
11db;Topfield Co., Ltd.
0663;Topmax Electronic Co., Ltd
0853;Topre Corporation
06a2;Topro Technology, Inc.
1894;Topseed
1784;TopSeed Technology Corp.
2899;Toptronic Industrial Co., Ltd
07ee;Torex Retail (formerly Logware)
06d5;Toshiba
04c6;Toshiba America Electronic Components
0480;Toshiba America Inc
0930;Toshiba Corp.
046c;Toshiba Corp., Digital Media Equipment
1132;Toshiba Corp., Digital Media Equipment [hex]
04bd;Toshiba Electronics Taiwan Corp.
0F66;Toshiba Global Commerce Solutions
092a;Toshiba Information & Industrial Sys. And Services
08a6;Toshiba TEC
1679;Total Phase
066a;Total Technologies, Ltd
0611;Totoku Electric Co., Ltd
04ba;Toucan Systems, Ltd
1d45;Touch
1bfd;TouchPack
0dfa;Toyo Communication Equipment Co., Ltd
0be3;TOYO Corp.
2357;TP-Link
0200;TP-Link
065b;Tracewell Systems
0782;Trackerball
0613;TransAct Technologies, Inc.
8564;Transcend Information, Inc.
1307;Transcend Information, Inc.
28EC;Transcom Instruments
0b20;TransDimension, Inc.
544d;Transmeta Corp.
060e;Transmonde Technologies, Inc.
0d99;Trazer Technologies, Inc.
0d59;TRC Simulators b.v.
0a16;Trek Technology (S) PTE, Ltd
0836;TrekStor
1e68;TrekStor GmbH & Co. KG
0719;Tremon Enterprises Co., Ltd
12a7;Trendchip Technologies Corp.
20f4;TRENDnet
157e;TRENDnet
04a3;Trident Microsystems, Inc.
0aa8;TriGem Computer, Inc.
1995;Trillium Technology Pty. Ltd.
099e;Trimble Navigation, Ltd
2a3c;Trinamic Motion Control GmbH & Co KG
1190;Tripace
058e;Tripath Technology, Inc.
09ae;Tripp Lite
2478;Tripp-Lite
259a;TriQuint Semiconductor
0597;Trisignal Communications
064d;TriTech Microelectronics, Ltd
23a6;Tronical Components GmbH
2319;Tronsmart
0c5a;TRS International Mfg., Inc.
0558;Truevision, Inc.
090a;Trumpion Microelectronics, Inc.
145f;Trust
0cba;Trust Electronic (Shanghai) Co., Ltd
0105;Trust International B.V.
15d9;Trust International B.V.
07b0;Trust Technologies
0d70;Try Computer Co., Ltd
054d;Try Corp.
0660;TSAY-E (BVI) International, Inc.
1203;TSC Auto ID Technology Co., Ltd
0894;TSI Incorporated
1013;TST-Touchless Sensor Technology AG
0aeb;TTP Communications, Ltd
0fd0;Tulip Computers B.V.
0fd0;Tulip Computers B.V.
10f5;Turtle Beach
0e75;TVS Electronics, Ltd
1822;Twinhan
6253;TwinHan Technology Co., Ltd
126f;TwinMOS
2632;TwinMOS
0548;Tyan Computer Corp.
05be;Tyco Electronics (Raychem)
0b56;TYI Systems, Ltd
1e54;TypeMatrix
1546;U-Blox AG
0baf;U.S. Robotics
04c1;U.S. Robotics (3Com)
1aa5;UBeacon Technologies, Inc.
0dde;Ubicom, Inc.
1529;UBIQUAM Co., Ltd.
1f9b;Ubiquiti Networks, Inc.
5543;UC-Logic Technology Corp.
1b32;Ugobe Life Forms, Inc.
05d8;Ultima Electronics Corp.
28c7;Ultimaker B.V.
d208;Ultimarc
d209;Ultimarc
2ac7;Ultrahaptics Ltd.
1606;Umax
0646;UMAX
0fec;UMC Electronics Co., Ltd
3293;Unhuman Inc.
10d5;Uni Class Technology Co., Ltd
5656;Uni-Trend Group Limited
0540;UniAccess AB
17f6;Unicomp, Inc.
052f;Unicore Software, Inc.
1965;Uniden Corporation
1c79;Unigen Corporation
16a6;Unigraf
0cbf;Union Genius Computer Co., Ltd
0e5b;Union Power Information Industrial Co., Ltd
0e1a;Unisys
0432;Unisys Corp.
0fea;United Computer Accessories
0490;United Microelectronics Corp.
089c;United Technologies Research Cntr.
0f03;Unitek UPS Systems
10c3;Universal Laser Systems, Inc.
1bda;University Of Southampton
0f8d;Uniwill Computer Corp.
05f5;Unixtar Technology, Inc.
0011;Unknown
0080;Unknown
0145;Unknown
07ff;Unknown
0a05;Unknown Manufacturer
1221;Unknown manufacturer
30c2;UNPARALLEL Innovation, Lda
147e;Upek
0a6d;UPS Manufacturing
4242;USB Design by Example
1a0a;USB-IF non-workshop
4146;USBest Technology
0de7;USBmicro
0de7;USBmicro
05a1;USC Corp.
2e3b;uSens Inc.
10ab;USI Co., Ltd
0dea;UTECH Electronic (D.G.) Co., Ltd.
05aa;Utilux South China, Ltd
0d08;UTStarcom
1141;V One Multimedia, Pte., Ltd
1482;Vaillant
1843;Vaisala
105e;Valence Semiconductor Design, Ltd
105e;Valence Semiconductor Design, Ltd
0ce5;Validation Technologies International
138a;Validity Sensors, Inc.
28de;Valve Software
16c0;Van Ooijen Technische Informatica
0726;Vanguard International Semiconductor-America
30f2;Varex Imaging
0f61;Varian, Inc.
0a3d;Varo Vision
1a44;VASCO Data Security International
10ec;Vast Technologies, Inc.
1892;Vast Technologies, Inc.
2c9c;Vayyar Imaging Ltd.
09a5;VCON Telecommunications
1429;Vega Technologies Industrial (Austria) Co.
1a1d;Veho
10cf;Velleman Components, Inc.
7669;Venable Instruments
1182;Venture Corp., Ltd
18a5;Verbatim, Ltd
07be;Veridicom
061a;Veridicom International, Inc.
11ca;VeriFone Inc
08f7;Vernier
1fe7;Vertex Wireless Co., Ltd.
22a4;VERZO Technology
05a0;Vetronix Corp.
2109;VIA Labs, Inc.
0642;VIA Medical Corp.
160a;VIA Technologies, Inc.
040d;VIA Technologies, Inc.
0a01;ViA, Inc.
0f6a;Vibren Technologies, Inc.
0682;Victor Company of Japan, Ltd
04f1;Victor Company of Japan, Ltd
2756;Victor Hasselblad AB
0589;Victron
0c58;Vidar Systems Corp.
1bbd;Videology Imaging Solutions, Inc.
04d3;VidUS, Inc.
3275;VidzMedia Pte Ltd
12f2;ViewPlus Technologies, Inc.
0c53;ViewPLUS, Inc.
0733;ViewQuest Technologies, Inc.
0543;ViewSonic Corp.
0b2c;Village Center, Inc.
1376;Vimtron Electronics Co., Ltd.
0e25;VinChip Systems, Inc.
0a71;VIPColor Technologies USA, Inc.
0f2d;ViPower, Inc.
067f;Virata, Ltd
1100;VirTouch, Ltd
08d3;Virtual Ink
80ee;VirtualBox
0aab;Vision Shape Europe SA
04a7;Visioneer
0602;Vista Imaging, Inc.
0f06;Visual Frontier Enterprise Co., Ltd
25c8;Visual Planet Ltd
098c;Vitana Corp.
1725;Vitesse Semiconductor
25c6;Vitus Audio (AVA Group A/S)
0784;Vivitar, Inc.
183d;VIVOphone
1b36;ViXS Systems, Inc.
049d;VLSI Technology
15ad;VMware Inc.
0e0f;VMware, Inc.
0454;Vobis Microcomputer AG
0439;Voice Technologies Group
0d51;Volex (Asia) Pte., Ltd
0778;Volex, Inc.
1c1b;Volkswagen of America, Inc.
0912;Voquette, Inc.
242e;Vossloh-Schwabe Deutschland GmbH
09d2;Vreelin Engineering, Inc.
111e;VSO Electric Co., Ltd
0901;VST Technologies
1697;VTec Test, Inc.
040c;VTech Computers, Ltd
0e91;VTech Engineering Canada, Ltd
0f88;VTech Holdings, Ltd
1bae;Vuzix Corporation
0ebe;VWeb Corp.
056a;Wacom Co., Ltd
2d1f;Wacom Taiwan Information Co. Ltd.
0531;Wacom Technology Corp.
06f7;Wailly Technology Ltd
12e6;Waldorf Music GmbH
0e17;Walex Electronic, Ltd
172f;Waltop International Corp.
05d2;Wave Systems Corp.
114f;Wavecom
0c8b;Wavefly Corp.
0c46;WaveRider Communications, Inc.
17f4;WaveSense
0bef;Way2Call Communications
104f;WB Electronics
07bd;Webgear, Inc.
2575;Weida Hi-Tech Co., Ltd.
19e1;WeiDuan Electronic Accessory (S.Z.) Co., Ltd.
069e;Welcat Inc.
0770;Welch Allyn, Inc - Medical Division
0649;Weli Science Co., Ltd
077f;Well Excellent & Most Corp.
0e8c;Well Force Electronic Co., Ltd
0844;Welland Industrial Co., Ltd
0d7b;Wellco Technology Co., Ltd
040b;Weltrend Semiconductor
3838;WEM
0efe;Wem Technology, Inc.
0db1;Wen Te Electronics Co., Ltd
1c3e;Wep Peripherals
06a9;Westell
1058;Western Digital Technologies, Inc.
0dad;Westover Scientific
22de;WeTelecom Incorporated
0793;Wha Yu Industrial Co., Ltd
3176;Whanam Electronics Co., Ltd
0645;Who? Vision Systems, Inc.
064f;WIBU-Systems AG
14aa;WideView Technology Inc.
0e90;WiebeTech, LLC
16dc;Wiener, Plein & Baus
0468;Wieson Technologies Co., Ltd
1b22;WiLinx Corp.
0e08;Winbest Technology Co., Ltd
0416;Winbond Electronics Corp.
1046;Winbond Electronics Corp. [hex]
0441;Winbond Systems Lab.
4348;WinChipHead
0aa7;Wincor Nixdorf International GmbH
0f52;Wing Key Electrical Co., Ltd
0c7a;Wing-Span Enterprise Co., Ltd
0ed3;Wing-Tech Enterprise Co., Ltd
102d;Winic Corp.
0d72;Winmate Communication, Inc.
0ed1;WinMaxGroup
04af;Winnov L.P.
0faf;Winpoint Electronic Corp.
14e0;WiNRADiO Communications
06f6;Wintrend Technology Co., Ltd
1621;Wionics Research
08f9;Wipro Technologies
162f;WiQuest Communications, Inc.
16ca;Wireless Cables, Inc.
0eb1;WIS Technologies, Inc.
13cf;Wisair Ltd.
6677;WiseGroup, Ltd.
196b;Wispro Technology Inc.
0fb8;Wistron Corp.
1435;Wistron NeWeb
1fb2;Withings
0b64;Wonderful Wire Cable Co., Ltd
1cdf;WonTen Technology Co., Ltd.
0641;Woods Industries, Inc.
0668;WordWand
09cc;Workbit Corp.
0f4c;WorldWide Cable Opto Corp.
060a;Worthington Data Solutions, Inc.
044b;WSI
051a;WYSE Technology
054f;WYSE Technology Taiwan
0765;X-Rite, Inc.
1ae7;X-TENSIONS
1446;X.J.GROUP
0bc7;X10 Wireless Technology, Inc.
0886;XAC Automation Corp.
296b;Xacti Corporation
2fe0;Xaptum, Inc.
1275;Xaxero Marine Software Engineering, Ltd.
6022;Xektek
1d57;Xenta
0a11;Xentec, Inc.
0924;Xerox
06a4;Xiamen Doowell Electron Co., Ltd
1016;Xiamen Hung's Enterprise Co., Ltd
2717;Xiaomi Inc.
03fd;Xilinx, Inc.
20f7;XIMEA
071c;Xionics Document Technologies, Inc.
085a;Xircom
0545;Xirlink, Inc.
09ef;Xitel
15c0;XL Imaging
20b1;XMOS Ltd
e4e4;Xorcom Ltd.
28bd;XP-Pen
0873;Xpeed, Inc.
2639;Xsens
0fee;Xsido Corp.
0567;Xyratex International, Ltd
0c5e;Xytronix Research & Design
0bdc;Y Media Corp.
057b;Y-E Data, Inc.
0eb2;Y-S Electronic Co., Ltd
05ad;Y.C. Cable U.S.A., Inc.
26aa;Yaesu Musen
3340;Yakumo
0499;Yamaha Corp.
063c;Yamaichi Electronics Co., Ltd (Sakura)
1196;Yankee Robotics, LLC
094f;Yano
137c;YASKAWA ELECTRIC CORP.
0f8b;Yazaki Corp.
6993;Yealink Network Technology Co., Ltd.
2476;YEI Technology
0f32;YFC-BonEagle Electric Co., Ltd
0ef6;Yield Microelectronics Corp.
1112;YM ELECTRIC CO., Ltd
1b98;YMax Communications Corp.
24e0;Yoctopuce Sarl
0b21;Yokogawa Electric Corp.
2916;Yota Devices
118f;You Yang Technology Co., Ltd
0f8c;Young Generation International Corp.
0772;Your data Our Care
1164;YUAN High-Tech Development Co., Ltd
1050;Yubico.com
0cde;Z-Com
0ac8;Z-Star Microelectronics Corp.
2939;Zaber Technologies Inc.
0bba;ZAccess Systems
1c57;Zalman Tech Co., Ltd.
0afc;Zaptronix Ltd
0685;ZD Incorporated
0a5f;Zebra
1283;zebris Medical GmbH
0b7a;Zeevo, Inc.
24ed;Zen Group
0481;Zenith Data Systems
0c12;Zeroplus
119a;ZHAN QI Technology Co., Ltd
12b8;Zhejiang Xinya Electronic Technology Co., Ltd.
1c22;ZHONGSHAN CHIANG YU ELECTRIC CO., LTD.
2d37;Zhuhai Poskey Technology Co.,Ltd
2d84;Zhuhai Poskey Technology Co.,Ltd
0629;Zida Technologies, Ltd
04e3;Zilog, Inc.
5a57;Zinwell
099a;Zippy Technology Corp.
0717;ZNK Corp.
1686;ZOOM Corporation
0803;Zoom Telephonics, Inc.
0573;Zoran Co. Personal Media Division (Nogatech)
0595;Zoran Microelectronics, Ltd
18b7;Zotek Electronic Co., Ltd.
19d2;ZTE WCDMA Technologies MSM
221a;ZTEX GmbH
2b4c;ZUK
1e7b;Zurich Instruments
03c3;ZWO
13ec;Zydacron
0ace;ZyDAS
0ca2;Zyfer
14c8;Zytronic
0586;ZyXEL Communications Corp.